DateTime,UnixTimestamp,AccX,AccY,AccZ,GyroX,GyroY,GyroZ,MagX,MagY,MagZ,Roll,Pitch,Yaw
2026-02-19 23:06:45.593,1771513605593,1771513605593,-0.97216797,-0.17578125,0.1694336,-0.30517578,-0.7324219,0.12207031,0.0,0.0,0.0,-45.60974,75.78369,68.07129
2026-02-19 23:06:45.693,1771513605693,1771513605693,-0.96875,-0.17285156,0.17285156,0.12207031,0.0,0.0,0.0,0.0,0.0,-45.499878,75.76172,68.18115
2026-02-19 23:06:45.793,1771513605793,1771513605793,-0.9692383,-0.17285156,0.17089844,0.0,-0.30517578,0.0,0.0,0.0,0.0,-45.37903,75.739746,68.28552
2026-02-19 23:06:45.892,1771513605892,1771513605892,-0.9707031,-0.17333984,0.171875,0.0,-0.24414062,0.0,0.0,0.0,0.0,-45.26367,75.71777,68.36243
2026-02-19 23:06:45.992,1771513605992,1771513605992,-0.9692383,-0.17333984,0.17285156,0.0,0.061035156,0.0,0.0,0.0,0.0,-45.19226,75.701294,68.40088
2026-02-19 23:06:46.092,1771513606092,1771513606092,-0.9711914,-0.17480469,0.17041016,-0.18310547,-0.18310547,0.0,0.0,0.0,0.0,-45.12085,75.69031,68.43384
2026-02-19 23:06:46.192,1771513606192,1771513606192,-0.9663086,-0.17529297,0.16894531,-0.30517578,0.0,0.0,0.0,0.0,0.0,-45.060425,75.67383,68.4668
2026-02-19 23:06:46.291,1771513606291,1771513606291,-0.9736328,-0.17480469,0.17578125,0.0,-1.159668,0.0,0.0,0.0,0.0,-45.027466,75.651855,68.444824
2026-02-19 23:06:46.391,1771513606391,1771513606391,-0.96728516,-0.17138672,0.1821289,1.2207031,0.9765625,-0.36621094,0.0,0.0,0.0,-45.07141,75.66284,68.35144
2026-02-19 23:06:46.491,1771513606491,1771513606491,-0.97265625,-0.17285156,0.1694336,-0.24414062,0.18310547,0.0,0.0,0.0,0.0,-44.906616,75.635376,68.499756
2026-02-19 23:06:46.591,1771513606591,1771513606591,-0.9716797,-0.17480469,0.1743164,0.0,-0.18310547,0.12207031,0.0,0.0,0.0,-44.98352,75.65735,68.34595
2026-02-19 23:06:46.691,1771513606691,1771513606691,-0.9682617,-0.171875,0.17578125,0.6713867,0.6713867,-0.24414062,0.0,0.0,0.0,-45.076904,75.67383,68.2251
2026-02-19 23:06:46.790,1771513606790,1771513606790,-0.9707031,-0.17236328,0.17138672,0.61035156,0.48828125,-0.18310547,0.0,0.0,0.0,-45.093384,75.67932,68.1427
2026-02-19 23:06:46.890,1771513606890,1771513606890,-0.9707031,-0.1743164,0.17089844,0.6713867,1.159668,0.0,0.0,0.0,0.0,-45.29663,75.72876,67.8186
2026-02-19 23:06:46.989,1771513606989,1771513606989,-0.97021484,-0.1743164,0.17138672,1.0375977,1.5258789,-0.24414062,0.0,0.0,0.0,-45.69214,75.805664,67.302246
2026-02-19 23:06:47.089,1771513607089,1771513607089,-0.96972656,-0.1743164,0.16894531,0.79345703,1.8920898,-0.30517578,0.0,0.0,0.0,-46.14807,75.88257,66.71997
2026-02-19 23:06:47.189,1771513607189,1771513607189,-0.9736328,-0.1743164,0.16064453,1.7700195,1.0375977,-0.4272461,0.0,0.0,0.0,-46.472168,75.94849,66.258545
2026-02-19 23:06:47.289,1771513607289,1771513607289,-0.9741211,-0.17529297,0.16552734,-0.24414062,0.12207031,0.12207031,0.0,0.0,0.0,-46.658936,75.997925,65.945435
2026-02-19 23:06:47.388,1771513607388,1771513607388,-0.96875,-0.171875,0.16748047,1.3427734,1.7089844,-0.30517578,0.0,0.0,0.0,-46.88965,76.04736,65.60486
2026-02-19 23:06:47.488,1771513607488,1771513607488,-0.97265625,-0.17285156,0.15771484,0.8544922,0.6713867,-0.24414062,0.0,0.0,0.0,-47.04895,76.085815,65.35217
2026-02-19 23:06:47.588,1771513607588,1771513607588,-0.9741211,-0.17626953,0.16259766,0.8544922,0.91552734,-0.4272461,0.0,0.0,0.0,-47.44995,76.14624,64.80835
2026-02-19 23:06:47.688,1771513607688,1771513607688,-0.96875,-0.17333984,0.15966797,0.79345703,1.4038086,-0.48828125,0.0,0.0,0.0,-47.850952,76.1792,64.32495
2026-02-19 23:06:47.788,1771513607788,1771513607788,-0.97314453,-0.17382812,0.15478516,0.36621094,1.7089844,-0.48828125,0.0,0.0,0.0,-48.323364,76.239624,63.78662
2026-02-19 23:06:47.887,1771513607887,1771513607887,-0.9741211,-0.1772461,0.15332031,0.61035156,1.6479492,-0.4272461,0.0,0.0,0.0,-48.828735,76.30554,63.149414
2026-02-19 23:06:47.987,1771513607987,1771513607987,-0.97314453,-0.17675781,0.1508789,0.48828125,1.953125,-0.36621094,0.0,0.0,0.0,-49.345093,76.37695,62.545166
2026-02-19 23:06:48.086,1771513608086,1771513608086,-0.9736328,-0.17675781,0.14990234,0.24414062,1.5258789,-0.30517578,0.0,0.0,0.0,-49.905396,76.45935,61.875
2026-02-19 23:06:48.186,1771513608186,1771513608186,-0.9746094,-0.17919922,0.14746094,0.36621094,0.9765625,-0.061035156,0.0,0.0,0.0,-50.273438,76.51428,61.402588
2026-02-19 23:06:48.286,1771513608286,1771513608286,-0.9741211,-0.17626953,0.14453125,0.8544922,0.6713867,-0.18310547,0.0,0.0,0.0,-50.482178,76.552734,61.133423
2026-02-19 23:06:48.386,1771513608386,1771513608386,-0.97558594,-0.17675781,0.14453125,-0.061035156,0.30517578,0.061035156,0.0,0.0,0.0,-50.476685,76.56372,61.105957
2026-02-19 23:06:48.486,1771513608486,1771513608486,-0.97558594,-0.17822266,0.14208984,0.061035156,-0.36621094,0.061035156,0.0,0.0,0.0,-50.421753,76.54724,61.12793
2026-02-19 23:06:48.585,1771513608585,1771513608585,-0.9736328,-0.17822266,0.14355469,0.061035156,-0.30517578,-0.061035156,0.0,0.0,0.0,-50.421753,76.536255,61.07849
2026-02-19 23:06:48.685,1771513608685,1771513608685,-0.97314453,-0.17675781,0.14941406,0.0,-0.4272461,0.0,0.0,0.0,0.0,-50.36682,76.519775,61.138916
2026-02-19 23:06:48.785,1771513608785,1771513608785,-0.97314453,-0.17822266,0.14550781,0.4272461,-0.12207031,-0.061035156,0.0,0.0,0.0,-50.08667,76.47583,61.44104
2026-02-19 23:06:48.884,1771513608884,1771513608884,-0.9746094,-0.17773438,0.14794922,-0.5493164,-1.5869141,0.30517578,0.0,0.0,0.0,-49.762573,76.42639,61.78711
2026-02-19 23:06:48.984,1771513608984,1771513608984,-0.9711914,-0.1772461,0.15429688,0.0,-1.7089844,0.18310547,0.0,0.0,0.0,-49.295654,76.35498,62.281494
2026-02-19 23:06:49.084,1771513609084,1771513609084,-0.97216797,-0.17626953,0.15576172,0.18310547,-0.5493164,0.061035156,0.0,0.0,0.0,-48.927612,76.28906,62.704468
2026-02-19 23:06:49.183,1771513609183,1771513609183,-0.9736328,-0.17578125,0.15625,-0.48828125,-1.3427734,0.0,0.0,0.0,0.0,-48.515625,76.21216,63.138428
2026-02-19 23:06:49.283,1771513609283,1771513609283,-0.9707031,-0.17480469,0.15771484,0.0,-0.8544922,0.061035156,0.0,0.0,0.0,-48.00476,76.118774,63.69873
2026-02-19 23:06:49.383,1771513609383,1771513609383,-0.97265625,-0.1772461,0.15917969,-0.4272461,-1.953125,0.24414062,0.0,0.0,0.0,-47.576294,76.04187,64.13269
2026-02-19 23:06:49.483,1771513609483,1771513609483,-0.9682617,-0.17578125,0.16552734,0.36621094,0.0,0.0,0.0,0.0,0.0,-47.24121,75.981445,64.522705
2026-02-19 23:06:49.582,1771513609582,1771513609582,-0.9707031,-0.17626953,0.15820312,-0.24414062,-0.5493164,0.12207031,0.0,0.0,0.0,-46.906128,75.9375,64.91821
2026-02-19 23:06:49.682,1771513609682,1771513609682,-0.9711914,-0.17626953,0.1640625,-0.91552734,-1.2207031,0.48828125,0.0,0.0,0.0,-46.70288,75.910034,65.165405
2026-02-19 23:06:49.782,1771513609782,1771513609782,-0.9711914,-0.17382812,0.16796875,-0.18310547,-0.8544922,0.18310547,0.0,0.0,0.0,-46.42273,75.87158,65.51697
2026-02-19 23:06:49.881,1771513609881,1771513609881,-0.97021484,-0.1743164,0.16796875,-0.24414062,-0.48828125,0.18310547,0.0,0.0,0.0,-46.16455,75.83313,65.8136
2026-02-19 23:06:49.981,1771513609981,1771513609981,-0.96972656,-0.1743164,0.17138672,-0.4272461,-0.48828125,0.12207031,0.0,0.0,0.0,-45.977783,75.79468,66.049805
2026-02-19 23:06:50.081,1771513610081,1771513610081,-0.97021484,-0.17480469,0.17333984,0.0,-0.7324219,0.0,0.0,0.0,0.0,-45.823975,75.76721,66.23108
2026-02-19 23:06:50.181,1771513610181,1771513610181,-0.9692383,-0.171875,0.18115234,0.24414062,0.0,-0.061035156,0.0,0.0,0.0,-45.73059,75.739746,66.31348
2026-02-19 23:06:50.280,1771513610280,1771513610280,-0.96777344,-0.171875,0.17285156,0.36621094,0.8544922,-0.061035156,0.0,0.0,0.0,-45.368042,75.684814,66.725464
2026-02-19 23:06:50.380,1771513610380,1771513610380,-0.9711914,-0.17529297,0.1694336,-0.6713867,-1.0375977,0.36621094,0.0,0.0,0.0,-45.285645,75.684814,66.7749
2026-02-19 23:06:50.480,1771513610480,1771513610480,-0.96875,-0.1743164,0.17529297,0.0,0.24414062,0.12207031,0.0,0.0,0.0,-45.186768,75.67932,66.87927
2026-02-19 23:06:50.580,1771513610580,1771513610580,-0.97216797,-0.1743164,0.16503906,-0.30517578,-0.36621094,0.12207031,0.0,0.0,0.0,-45.04944,75.66284,67.04956
2026-02-19 23:06:50.679,1771513610679,1771513610679,-0.9692383,-0.17285156,0.17822266,-0.30517578,-0.61035156,0.12207031,0.0,0.0,0.0,-45.05493,75.66284,67.038574
2026-02-19 23:06:50.779,1771513610779,1771513610779,-0.9692383,-0.17236328,0.17578125,0.0,0.0,0.0,0.0,0.0,0.0,-44.939575,75.64636,67.13745
2026-02-19 23:06:50.879,1771513610879,1771513610879,-0.9711914,-0.1743164,0.17333984,0.12207031,-0.12207031,-0.061035156,0.0,0.0,0.0,-44.835205,75.6189,67.20886
2026-02-19 23:06:50.979,1771513610979,1771513610979,-0.96972656,-0.17333984,0.17773438,0.24414062,0.0,-0.061035156,0.0,0.0,0.0,-44.780273,75.60791,67.23633
2026-02-19 23:06:51.078,1771513611078,1771513611078,-0.9682617,-0.17285156,0.18115234,0.30517578,0.36621094,0.0,0.0,0.0,0.0,-44.747314,75.60242,67.230835
2026-02-19 23:06:51.178,1771513611178,1771513611178,-0.9682617,-0.17138672,0.18310547,0.24414062,0.48828125,0.0,0.0,0.0,0.0,-44.73633,75.596924,67.20337
2026-02-19 23:06:51.278,1771513611278,1771513611278,-0.96875,-0.17138672,0.17236328,0.7324219,1.5258789,-0.30517578,0.0,0.0,0.0,-44.588013,75.57495,67.36267
2026-02-19 23:06:51.377,1771513611377,1771513611377,-0.9711914,-0.1743164,0.17138672,-0.24414062,-0.61035156,0.12207031,0.0,0.0,0.0,-44.555054,75.56946,67.32422
2026-02-19 23:06:51.477,1771513611477,1771513611477,-0.96777344,-0.17285156,0.17822266,0.61035156,0.4272461,-0.12207031,0.0,0.0,0.0,-44.626465,75.59143,67.197876
2026-02-19 23:06:51.577,1771513611577,1771513611577,-0.9711914,-0.17285156,0.17138672,0.61035156,0.91552734,-0.30517578,0.0,0.0,0.0,-44.631958,75.59143,67.17041
2026-02-19 23:06:51.676,1771513611676,1771513611676,-0.9716797,-0.17333984,0.1743164,0.30517578,0.48828125,-0.061035156,0.0,0.0,0.0,-44.769287,75.6134,66.97266
2026-02-19 23:06:51.776,1771513611776,1771513611776,-0.9707031,-0.17285156,0.171875,0.7324219,1.6479492,-0.30517578,0.0,0.0,0.0,-45.08789,75.67932,66.54968
2026-02-19 23:06:51.876,1771513611876,1771513611876,-0.9711914,-0.17578125,0.16699219,0.5493164,2.2583008,-0.36621094,0.0,0.0,0.0,-45.664673,75.79468,65.85205
2026-02-19 23:06:51.976,1771513611976,1771513611976,-0.97021484,-0.17285156,0.17236328,0.79345703,0.8544922,-0.30517578,0.0,0.0,0.0,-46.170044,75.877075,65.23132
2026-02-19 23:06:52.075,1771513612075,1771513612075,-0.9711914,-0.17285156,0.16455078,1.6479492,0.8544922,-0.36621094,0.0,0.0,0.0,-46.241455,75.893555,65.07202
2026-02-19 23:06:52.175,1771513612175,1771513612175,-0.9716797,-0.17529297,0.16210938,-0.79345703,0.061035156,0.061035156,0.0,0.0,0.0,-46.35132,75.92102,64.852295
2026-02-19 23:06:52.275,1771513612275,1771513612275,-0.9707031,-0.1743164,0.16992188,1.159668,2.0141602,-0.61035156,0.0,0.0,0.0,-46.845703,75.997925,64.25903
2026-02-19 23:06:52.375,1771513612375,1771513612375,-0.97216797,-0.17382812,0.15966797,0.6713867,1.2817383,-0.30517578,0.0,0.0,0.0,-47.059937,76.02539,63.951416
2026-02-19 23:06:52.474,1771513612474,1771513612474,-0.9741211,-0.17578125,0.16015625,0.48828125,1.159668,-0.12207031,0.0,0.0,0.0,-47.455444,76.0968,63.4021
2026-02-19 23:06:52.574,1771513612574,1771513612574,-0.96875,-0.17382812,0.16015625,0.5493164,1.7700195,-0.4272461,0.0,0.0,0.0,-47.922363,76.16272,62.836304
2026-02-19 23:06:52.674,1771513612674,1771513612674,-0.97265625,-0.17480469,0.1538086,0.18310547,1.5869141,-0.30517578,0.0,0.0,0.0,-48.389282,76.23413,62.314453
2026-02-19 23:06:52.773,1771513612773,1771513612773,-0.9741211,-0.17382812,0.1508789,0.6713867,1.7700195,-0.48828125,0.0,0.0,0.0,-48.94409,76.32202,61.644287
2026-02-19 23:06:52.873,1771513612873,1771513612873,-0.97314453,-0.17675781,0.15039062,0.48828125,1.4648438,-0.48828125,0.0,0.0,0.0,-49.526367,76.398926,60.946655
2026-02-19 23:06:52.973,1771513612973,1771513612973,-0.97314453,-0.17626953,0.14941406,-0.061035156,1.3427734,-0.18310547,0.0,0.0,0.0,-50.03723,76.45386,60.342407
2026-02-19 23:06:53.073,1771513613073,1771513613073,-0.97753906,-0.17822266,0.1484375,-0.5493164,0.5493164,-0.18310547,0.0,0.0,0.0,-50.3833,76.4978,59.88098
2026-02-19 23:06:53.172,1771513613172,1771513613172,-0.97216797,-0.1772461,0.1484375,0.0,0.5493164,0.0,0.0,0.0,0.0,-50.67444,76.53076,59.518433
2026-02-19 23:06:53.272,1771513613272,1771513613272,-0.9741211,-0.17675781,0.14648438,-0.18310547,-0.48828125,0.12207031,0.0,0.0,0.0,-50.603027,76.53076,59.556885
2026-02-19 23:06:53.372,1771513613372,1771513613372,-0.97509766,-0.17578125,0.14794922,0.48828125,-0.12207031,0.0,0.0,0.0,0.0,-50.43274,76.519775,59.72168
2026-02-19 23:06:53.471,1771513613471,1771513613471,-0.9711914,-0.17578125,0.14892578,-0.12207031,-0.6713867,0.12207031,0.0,0.0,0.0,-50.196533,76.48132,59.96338
2026-02-19 23:06:53.571,1771513613571,1771513613571,-0.9736328,-0.17578125,0.15039062,-0.24414062,-1.3427734,0.061035156,0.0,0.0,0.0,-49.72412,76.398926,60.490723
2026-02-19 23:06:53.671,1771513613671,1771513613671,-0.97509766,-0.17822266,0.14892578,-0.36621094,-1.2207031,0.24414062,0.0,0.0,0.0,-49.30664,76.33301,60.930176
2026-02-19 23:06:53.771,1771513613771,1771513613771,-0.97265625,-0.1772461,0.15527344,-0.24414062,-1.2817383,0.12207031,0.0,0.0,0.0,-48.88916,76.26709,61.413574
2026-02-19 23:06:53.870,1771513613870,1771513613870,-0.97265625,-0.17480469,0.15673828,-0.91552734,-0.61035156,0.18310547,0.0,0.0,0.0,-48.493652,76.19568,61.880493
2026-02-19 23:06:53.971,1771513613971,1771513613971,-0.97265625,-0.17529297,0.16308594,-0.5493164,-1.159668,0.24414062,0.0,0.0,0.0,-48.208008,76.14624,62.215576
2026-02-19 23:06:54.071,1771513614071,1771513614071,-0.9716797,-0.17529297,0.15478516,-0.7324219,-0.8544922,0.30517578,0.0,0.0,0.0,-47.74109,76.069336,62.770386
2026-02-19 23:06:54.170,1771513614170,1771513614170,-0.9711914,-0.17773438,0.1616211,-0.24414062,-1.2207031,0.24414062,0.0,0.0,0.0,-47.543335,76.03638,62.990112
2026-02-19 23:06:54.269,1771513614269,1771513614269,-0.9682617,-0.17675781,0.1640625,-0.061035156,0.0,0.12207031,0.0,0.0,0.0,-47.15332,75.981445,63.446045
2026-02-19 23:06:54.370,1771513614370,1771513614370,-0.9741211,-0.1772461,0.1538086,-1.2817383,-0.9765625,0.4272461,0.0,0.0,0.0,-46.89514,75.94849,63.8031
2026-02-19 23:06:54.469,1771513614469,1771513614469,-0.9716797,-0.1772461,0.16601562,-0.91552734,-0.91552734,0.30517578,0.0,0.0,0.0,-46.774292,75.93201,64.02832
2026-02-19 23:06:54.568,1771513614568,1771513614568,-0.9707031,-0.17382812,0.16552734,-0.36621094,-0.4272461,0.18310547,0.0,0.0,0.0,-46.49414,75.893555,64.41284
2026-02-19 23:06:54.668,1771513614668,1771513614668,-0.9716797,-0.17675781,0.16503906,-0.4272461,-0.79345703,0.12207031,0.0,0.0,0.0,-46.290894,75.860596,64.627075
2026-02-19 23:06:54.768,1771513614768,1771513614768,-0.97216797,-0.17675781,0.16601562,0.0,-0.30517578,0.061035156,0.0,0.0,0.0,-46.170044,75.83313,64.764404
2026-02-19 23:06:54.868,1771513614868,1771513614868,-0.9667969,-0.17822266,0.1640625,0.18310547,-0.36621094,-0.12207031,0.0,0.0,0.0,-46.049194,75.81116,64.868774
2026-02-19 23:06:54.967,1771513614967,1771513614967,-0.97509766,-0.17236328,0.17382812,0.7324219,-0.79345703,-0.18310547,0.0,0.0,0.0,-45.950317,75.772705,64.90723
2026-02-19 23:06:55.067,1771513615067,1771513615067,-0.96728516,-0.17236328,0.17626953,1.0986328,1.0375977,-0.12207031,0.0,0.0,0.0,-45.829468,75.76172,65.01709
2026-02-19 23:06:55.167,1771513615167,1771513615167,-0.9707031,-0.17480469,0.1665039,-0.36621094,-0.24414062,0.12207031,0.0,0.0,0.0,-45.60974,75.73425,65.23132
2026-02-19 23:06:55.266,1771513615266,1771513615266,-0.9711914,-0.17626953,0.17138672,-0.18310547,-0.48828125,0.18310547,0.0,0.0,0.0,-45.576782,75.73425,65.21484
2026-02-19 23:06:55.366,1771513615366,1771513615366,-0.97021484,-0.17382812,0.16748047,0.5493164,0.61035156,-0.18310547,0.0,0.0,0.0,-45.527344,75.72327,65.25879
2026-02-19 23:06:55.466,1771513615466,1771513615466,-0.97021484,-0.1743164,0.16894531,-0.061035156,-0.4272461,0.0,0.0,0.0,0.0,-45.46692,75.71228,65.29175
2026-02-19 23:06:55.566,1771513615566,1771513615566,-0.9707031,-0.17480469,0.17089844,0.0,-0.24414062,0.0,0.0,0.0,0.0,-45.406494,75.701294,65.319214
2026-02-19 23:06:55.665,1771513615665,1771513615665,-0.9692383,-0.17285156,0.1743164,0.30517578,0.24414062,-0.18310547,0.0,0.0,0.0,-45.455933,75.701294,65.22583
2026-02-19 23:06:55.765,1771513615765,1771513615765,-0.96728516,-0.17285156,0.17675781,0.36621094,0.48828125,-0.12207031,0.0,0.0,0.0,-45.45044,75.69031,65.181885
2026-02-19 23:06:55.865,1771513615865,1771513615865,-0.97021484,-0.17236328,0.1796875,0.7324219,0.61035156,-0.18310547,0.0,0.0,0.0,-45.50537,75.6958,65.028076
2026-02-19 23:06:55.964,1771513615964,1771513615964,-0.97021484,-0.17333984,0.16699219,2.319336,2.5024414,-0.61035156,0.0,0.0,0.0,-45.560303,75.72327,64.84131
2026-02-19 23:06:56.065,1771513616065,1771513616065,-0.9736328,-0.1772461,0.16210938,0.48828125,0.6713867,0.0,0.0,0.0,0.0,-45.85144,75.789185,64.33594
2026-02-19 23:06:56.164,1771513616164,1771513616164,-0.9692383,-0.17480469,0.17041016,0.79345703,0.4272461,-0.18310547,0.0,0.0,0.0,-46.23047,75.877075,63.825073
2026-02-19 23:06:56.264,1771513616264,1771513616264,-0.9707031,-0.1743164,0.16552734,1.0375977,1.4038086,-0.48828125,0.0,0.0,0.0,-46.538086,75.93201,63.424072
2026-02-19 23:06:56.363,1771513616363,1771513616363,-0.9711914,-0.17578125,0.1665039,0.36621094,0.4272461,-0.24414062,0.0,0.0,0.0,-46.79077,75.97595,63.116455
2026-02-19 23:06:56.464,1771513616464,1771513616464,-0.96972656,-0.17382812,0.16210938,0.36621094,1.6479492,-0.30517578,0.0,0.0,0.0,-47.092896,76.00891,62.764893
2026-02-19 23:06:56.563,1771513616563,1771513616563,-0.97265625,-0.17382812,0.1586914,-0.12207031,0.91552734,-0.12207031,0.0,0.0,0.0,-47.400513,76.05286,62.369385
2026-02-19 23:06:56.663,1771513616663,1771513616663,-0.97216797,-0.17480469,0.15966797,-0.12207031,0.6713867,-0.24414062,0.0,0.0,0.0,-47.774048,76.0968,61.885986
2026-02-19 23:06:56.762,1771513616762,1771513616762,-0.9741211,-0.17773438,0.16113281,0.48828125,1.0375977,-0.18310547,0.0,0.0,0.0,-48.043213,76.14075,61.479492
2026-02-19 23:06:56.862,1771513616862,1771513616862,-0.96972656,-0.17529297,0.15478516,0.91552734,2.2583008,-0.30517578,0.0,0.0,0.0,-48.499146,76.21765,60.93567
2026-02-19 23:06:56.962,1771513616962,1771513616962,-0.97265625,-0.17480469,0.15234375,0.30517578,1.4038086,-0.18310547,0.0,0.0,0.0,-48.823242,76.28357,60.551147
2026-02-19 23:06:57.061,1771513617061,1771513617061,-0.9736328,-0.17480469,0.15429688,0.24414062,1.3427734,0.0,0.0,0.0,0.0,-49.180298,76.35498,60.095215
2026-02-19 23:06:57.161,1771513617161,1771513617161,-0.9707031,-0.17529297,0.15039062,0.30517578,0.61035156,-0.18310547,0.0,0.0,0.0,-49.400024,76.38794,59.79309
2026-02-19 23:06:57.261,1771513617261,1771513617261,-0.97265625,-0.17382812,0.15185547,-0.18310547,-0.36621094,0.0,0.0,0.0,0.0,-49.37256,76.37695,59.804077
2026-02-19 23:06:57.361,1771513617361,1771513617361,-0.9736328,-0.1772461,0.14892578,0.30517578,-0.8544922,-0.12207031,0.0,0.0,0.0,-49.14734,76.3385,59.96338
2026-02-19 23:06:57.461,1771513617461,1771513617461,-0.9746094,-0.17871094,0.15234375,-0.24414062,-1.2207031,0.061035156,0.0,0.0,0.0,-48.90564,76.28906,60.19409
2026-02-19 23:06:57.560,1771513617560,1771513617560,-0.9692383,-0.17919922,0.15673828,0.79345703,-0.79345703,-0.061035156,0.0,0.0,0.0,-48.548584,76.223145,60.600586
2026-02-19 23:06:57.660,1771513617660,1771513617660,-0.97265625,-0.17626953,0.15966797,-1.2817383,-1.6479492,0.0,0.0,0.0,0.0,-48.2135,76.14624,60.930176
2026-02-19 23:06:57.759,1771513617759,1771513617759,-0.9716797,-0.1743164,0.16357422,0.12207031,-0.91552734,0.12207031,0.0,0.0,0.0,-47.817993,76.08032,61.3916
2026-02-19 23:06:57.859,1771513617859,1771513617859,-0.96875,-0.17626953,0.16210938,-0.12207031,-1.2207031,0.18310547,0.0,0.0,0.0,-47.312622,76.00342,61.940918
2026-02-19 23:06:57.959,1771513617959,1771513617959,-0.97265625,-0.17333984,0.16357422,-0.36621094,-1.4038086,0.0,0.0,0.0,0.0,-46.900635,75.91553,62.391357
2026-02-19 23:06:58.059,1771513618059,1771513618059,-0.96972656,-0.17480469,0.1665039,0.0,-1.2207031,0.0,0.0,0.0,0.0,-46.499634,75.82764,62.84729
2026-02-19 23:06:58.158,1771513618158,1771513618158,-0.9692383,-0.17578125,0.171875,0.061035156,-1.159668,0.0,0.0,0.0,0.0,-46.137085,75.75073,63.24829
2026-02-19 23:06:58.258,1771513618258,1771513618258,-0.9711914,-0.17773438,0.1665039,-0.5493164,-1.4648438,0.12207031,0.0,0.0,0.0,-45.686646,75.651855,63.71521
2026-02-19 23:06:58.358,1771513618358,1771513618358,-0.9692383,-0.17382812,0.17480469,-0.6713867,-0.91552734,0.0,0.0,0.0,0.0,-45.494385,75.59143,63.962402
2026-02-19 23:06:58.457,1771513618457,1771513618457,-0.9692383,-0.17626953,0.17626953,-0.4272461,0.12207031,0.0,0.0,0.0,0.0,-45.318604,75.54199,64.176636
2026-02-19 23:06:58.557,1771513618557,1771513618557,-0.96875,-0.17480469,0.18164062,-0.061035156,0.24414062,0.0,0.0,0.0,0.0,-45.27466,75.52551,64.21509
2026-02-19 23:06:58.657,1771513618657,1771513618657,-0.96875,-0.1743164,0.16845703,-0.5493164,-0.12207031,0.30517578,0.0,0.0,0.0,-44.890137,75.47058,64.64905
2026-02-19 23:06:58.757,1771513618757,1771513618757,-0.9707031,-0.1772461,0.17529297,-0.6713867,-1.3427734,0.30517578,0.0,0.0,0.0,-44.84619,75.476074,64.67102
2026-02-19 23:06:58.856,1771513618856,1771513618856,-0.9667969,-0.17382812,0.18017578,0.48828125,0.24414062,-0.18310547,0.0,0.0,0.0,-44.68689,75.4541,64.8468
2026-02-19 23:06:58.956,1771513618956,1771513618956,-0.9692383,-0.1743164,0.1743164,0.18310547,-0.30517578,0.0,0.0,0.0,0.0,-44.500122,75.42114,65.03357
2026-02-19 23:06:59.056,1771513619056,1771513619056,-0.9692383,-0.1743164,0.18115234,-0.24414062,-0.61035156,0.18310547,0.0,0.0,0.0,-44.434204,75.40466,65.07202
2026-02-19 23:06:59.155,1771513619155,1771513619155,-0.96777344,-0.17382812,0.17871094,-0.12207031,-0.24414062,0.061035156,0.0,0.0,0.0,-44.26941,75.3772,65.22583
2026-02-19 23:06:59.255,1771513619255,1771513619255,-0.9692383,-0.17529297,0.1796875,-0.12207031,-0.18310547,0.0,0.0,0.0,0.0,-44.192505,75.36072,65.286255
2026-02-19 23:06:59.355,1771513619355,1771513619355,-0.96972656,-0.17578125,0.17773438,-0.061035156,-0.061035156,0.061035156,0.0,0.0,0.0,-44.14856,75.355225,65.30823
2026-02-19 23:06:59.454,1771513619454,1771513619454,-0.96484375,-0.17773438,0.17285156,-0.4272461,-0.12207031,0.0,0.0,0.0,0.0,-44.13208,75.34424,65.286255
2026-02-19 23:06:59.554,1771513619554,1771513619554,-0.9711914,-0.17626953,0.17529297,-0.9765625,-1.7700195,0.48828125,0.0,0.0,0.0,-44.016724,75.33325,65.357666
2026-02-19 23:06:59.654,1771513619654,1771513619654,-0.9667969,-0.17333984,0.1875,0.7324219,0.12207031,-0.061035156,0.0,0.0,0.0,-44.06067,75.34973,65.25879
2026-02-19 23:06:59.754,1771513619754,1771513619754,-0.9663086,-0.17089844,0.17773438,0.061035156,0.7324219,-0.061035156,0.0,0.0,0.0,-43.989258,75.33325,65.32471
2026-02-19 23:06:59.853,1771513619853,1771513619853,-0.9711914,-0.17578125,0.17333984,-0.48828125,0.36621094,0.061035156,0.0,0.0,0.0,-44.121094,75.36621,65.13245
2026-02-19 23:06:59.953,1771513619953,1771513619953,-0.9658203,-0.1743164,0.18359375,-0.12207031,0.4272461,0.0,0.0,0.0,0.0,-44.395752,75.426636,64.79187
2026-02-19 23:07:00.053,1771513620053,1771513620053,-0.9692383,-0.17480469,0.17529297,0.36621094,0.8544922,-0.12207031,0.0,0.0,0.0,-44.44519,75.443115,64.69849
2026-02-19 23:07:00.153,1771513620153,1771513620153,-0.9707031,-0.17578125,0.17285156,0.36621094,2.1972656,-0.24414062,0.0,0.0,0.0,-44.8407,75.52551,64.23706
2026-02-19 23:07:00.252,1771513620252,1771513620252,-0.9692383,-0.17236328,0.17382812,0.48828125,2.1362305,-0.12207031,0.0,0.0,0.0,-45.36255,75.64087,63.649292
2026-02-19 23:07:00.352,1771513620352,1771513620352,-0.97021484,-0.1743164,0.1772461,0.30517578,1.159668,-0.061035156,0.0,0.0,0.0,-45.862427,75.75073,62.990112
2026-02-19 23:07:00.452,1771513620452,1771513620452,-0.97314453,-0.17138672,0.17529297,1.2207031,1.4648438,-0.4272461,0.0,0.0,0.0,-46.14258,75.80017,62.56714
2026-02-19 23:07:00.552,1771513620552,1771513620552,-0.96728516,-0.17333984,0.16357422,1.5258789,2.5024414,-0.5493164,0.0,0.0,0.0,-46.37329,75.84961,62.232056
2026-02-19 23:07:00.651,1771513620651,1771513620651,-0.9707031,-0.17919922,0.1616211,-0.061035156,0.5493164,0.0,0.0,0.0,0.0,-46.708374,75.92102,61.748657
2026-02-19 23:07:00.751,1771513620751,1771513620751,-0.9711914,-0.17675781,0.16455078,0.91552734,1.0375977,-0.36621094,0.0,0.0,0.0,-47.026978,75.97595,61.325684
2026-02-19 23:07:00.851,1771513620851,1771513620851,-0.9682617,-0.17285156,0.16308594,1.0986328,1.953125,-0.4272461,0.0,0.0,0.0,-47.356567,76.03638,60.930176
2026-02-19 23:07:00.950,1771513620950,1771513620950,-0.97265625,-0.17382812,0.15576172,-0.12207031,1.7700195,-0.18310547,0.0,0.0,0.0,-47.76306,76.10779,60.490723
2026-02-19 23:07:01.051,1771513621051,1771513621051,-0.97314453,-0.17578125,0.15332031,0.0,0.7324219,-0.12207031,0.0,0.0,0.0,-48.153076,76.16821,60.00183
2026-02-19 23:07:01.150,1771513621150,1771513621150,-0.9711914,-0.17675781,0.15527344,0.0,1.2207031,-0.24414062,0.0,0.0,0.0,-48.565063,76.22864,59.485474
2026-02-19 23:07:01.249,1771513621249,1771513621249,-0.97265625,-0.1743164,0.15185547,-0.12207031,0.91552734,-0.24414062,0.0,0.0,0.0,-48.878174,76.2616,59.089966
2026-02-19 23:07:01.349,1771513621349,1771513621349,-0.97314453,-0.1772461,0.15332031,0.0,0.61035156,0.0,0.0,0.0,0.0,-49.0979,76.294556,58.76587
2026-02-19 23:07:01.449,1771513621449,1771513621449,-0.9692383,-0.17773438,0.14990234,0.79345703,2.1972656,-0.30517578,0.0,0.0,0.0,-49.51538,76.36047,58.304443
2026-02-19 23:07:01.549,1771513621549,1771513621549,-0.9736328,-0.17578125,0.1484375,0.18310547,0.7324219,-0.12207031,0.0,0.0,0.0,-49.77356,76.40442,58.013306
2026-02-19 23:07:01.648,1771513621648,1771513621648,-0.97314453,-0.1772461,0.15185547,-0.12207031,0.5493164,0.12207031,0.0,0.0,0.0,-49.905396,76.42639,57.837524
2026-02-19 23:07:01.748,1771513621748,1771513621748,-0.9716797,-0.17675781,0.14794922,0.18310547,0.0,-0.18310547,0.0,0.0,0.0,-49.954834,76.431885,57.74414
2026-02-19 23:07:01.848,1771513621848,1771513621848,-0.9746094,-0.1772461,0.15136719,-0.061035156,-0.79345703,0.061035156,0.0,0.0,0.0,-49.77356,76.39343,57.958374
2026-02-19 23:07:01.948,1771513621948,1771513621948,-0.97216797,-0.1772461,0.15283203,0.36621094,-0.6713867,0.061035156,0.0,0.0,0.0,-49.4989,76.35498,58.24402
2026-02-19 23:07:02.047,1771513622047,1771513622047,-0.97314453,-0.17578125,0.1484375,-0.6713867,-1.2817383,0.0,0.0,0.0,0.0,-49.06494,76.2616,58.71643
2026-02-19 23:07:02.147,1771513622147,1771513622147,-0.9741211,-0.17626953,0.15185547,-0.6713867,-1.4648438,0.0,0.0,0.0,0.0,-48.724365,76.190186,59.084473
2026-02-19 23:07:02.247,1771513622247,1771513622247,-0.96728516,-0.17480469,0.1616211,0.18310547,-1.0986328,0.0,0.0,0.0,0.0,-48.40576,76.12976,59.42505
2026-02-19 23:07:02.346,1771513622346,1771513622346,-0.9746094,-0.17822266,0.14746094,-0.24414062,-1.3427734,0.0,0.0,0.0,0.0,-47.850952,76.00342,60.03479
2026-02-19 23:07:02.446,1771513622446,1771513622446,-0.9711914,-0.1772461,0.16210938,-0.12207031,-1.4648438,0.061035156,0.0,0.0,0.0,-47.686157,75.95947,60.177612
2026-02-19 23:07:02.546,1771513622546,1771513622546,-0.9716797,-0.17871094,0.16308594,-0.18310547,-0.9765625,0.12207031,0.0,0.0,0.0,-47.263184,75.877075,60.62805
2026-02-19 23:07:02.645,1771513622645,1771513622645,-0.97216797,-0.1821289,0.16015625,-0.36621094,-1.2817383,0.24414062,0.0,0.0,0.0,-46.988525,75.83313,60.90271
2026-02-19 23:07:02.745,1771513622745,1771513622745,-0.97021484,-0.17626953,0.17041016,-0.24414062,-0.91552734,0.18310547,0.0,0.0,0.0,-46.757812,75.78369,61.17737
2026-02-19 23:07:02.845,1771513622845,1771513622845,-0.9692383,-0.17578125,0.16992188,-0.24414062,-0.9765625,0.24414062,0.0,0.0,0.0,-46.428223,75.739746,61.54541
2026-02-19 23:07:02.945,1771513622945,1771513622945,-0.96972656,-0.17529297,0.16992188,-0.48828125,-1.2817383,0.18310547,0.0,0.0,0.0,-46.065674,75.67932,61.935425
2026-02-19 23:07:03.045,1771513623045,1771513623045,-0.96972656,-0.17578125,0.17333984,-0.4272461,-0.5493164,0.24414062,0.0,0.0,0.0,-45.741577,75.62439,62.347412
2026-02-19 23:07:03.144,1771513623144,1771513623144,-0.9682617,-0.17480469,0.17626953,0.18310547,-0.8544922,0.061035156,0.0,0.0,0.0,-45.428467,75.56946,62.704468
2026-02-19 23:07:03.245,1771513623245,1771513623245,-0.9667969,-0.17480469,0.18554688,0.12207031,-0.12207031,-0.24414062,0.0,0.0,0.0,-45.26367,75.52551,62.86377
2026-02-19 23:07:03.343,1771513623343,1771513623343,-0.9667969,-0.17236328,0.17480469,0.18310547,0.48828125,0.0,0.0,0.0,0.0,-44.835205,75.43762,63.35266
2026-02-19 23:07:03.443,1771513623443,1771513623443,-0.9711914,-0.17675781,0.17382812,-0.61035156,-1.159668,0.30517578,0.0,0.0,0.0,-44.747314,75.43213,63.38562
2026-02-19 23:07:03.543,1771513623543,1771513623543,-0.96728516,-0.17480469,0.17822266,0.5493164,0.36621094,-0.12207031,0.0,0.0,0.0,-44.626465,75.41565,63.50647
2026-02-19 23:07:03.643,1771513623643,1771513623643,-0.96972656,-0.17578125,0.17285156,-0.12207031,-0.12207031,0.061035156,0.0,0.0,0.0,-44.51111,75.40466,63.632812
2026-02-19 23:07:03.742,1771513623742,1771513623742,-0.96875,-0.17333984,0.18164062,-0.30517578,-0.6713867,0.12207031,0.0,0.0,0.0,-44.439697,75.38818,63.68225
2026-02-19 23:07:03.842,1771513623842,1771513623842,-0.9667969,-0.17285156,0.18164062,0.12207031,-0.18310547,0.0,0.0,0.0,0.0,-44.274902,75.355225,63.825073
2026-02-19 23:07:03.942,1771513623942,1771513623942,-0.96875,-0.17529297,0.1796875,0.18310547,-0.30517578,0.0,0.0,0.0,0.0,-44.13208,75.32776,63.929443
2026-02-19 23:07:04.041,1771513624041,1771513624041,-0.9692383,-0.17529297,0.18115234,0.30517578,-0.12207031,-0.061035156,0.0,0.0,0.0,-44.104614,75.31128,63.918457
2026-02-19 23:07:04.141,1771513624141,1771513624141,-0.9692383,-0.17626953,0.18115234,0.061035156,-0.061035156,0.0,0.0,0.0,0.0,-44.09912,75.31128,63.89099
2026-02-19 23:07:04.241,1771513624241,1771513624241,-0.9716797,-0.17382812,0.1850586,0.0,-0.9765625,0.0,0.0,0.0,0.0,-44.038696,75.2948,63.912964
2026-02-19 23:07:04.341,1771513624341,1771513624341,-0.9658203,-0.17236328,0.18945312,1.2207031,0.91552734,-0.30517578,0.0,0.0,0.0,-44.02771,75.305786,63.880005
2026-02-19 23:07:04.440,1771513624440,1771513624440,-0.9682617,-0.17382812,0.17871094,-0.12207031,0.30517578,0.0,0.0,0.0,0.0,-43.92334,75.28381,63.945923
2026-02-19 23:07:04.540,1771513624540,1771513624540,-0.96972656,-0.17675781,0.1796875,0.0,-0.12207031,0.061035156,0.0,0.0,0.0,-43.945312,75.2948,63.863525
2026-02-19 23:07:04.640,1771513624640,1771513624640,-0.96728516,-0.17480469,0.18017578,0.12207031,0.5493164,-0.061035156,0.0,0.0,0.0,-43.99475,75.31128,63.8031
2026-02-19 23:07:04.739,1771513624739,1771513624739,-0.9692383,-0.17333984,0.17919922,0.0,-0.061035156,0.0,0.0,0.0,0.0,-43.967285,75.305786,63.808594
2026-02-19 23:07:04.839,1771513624839,1771513624839,-0.9692383,-0.17480469,0.18017578,0.18310547,0.12207031,0.0,0.0,0.0,0.0,-43.93982,75.305786,63.78662
2026-02-19 23:07:04.939,1771513624939,1771513624939,-0.9682617,-0.17480469,0.17773438,0.18310547,0.6713867,0.0,0.0,0.0,0.0,-43.961792,75.31677,63.720703
2026-02-19 23:07:05.038,1771513625038,1771513625038,-0.96972656,-0.17578125,0.1743164,0.61035156,1.0986328,-0.12207031,0.0,0.0,0.0,-44.23645,75.371704,63.325195
2026-02-19 23:07:05.138,1771513625138,1771513625138,-0.96533203,-0.17382812,0.18017578,1.4038086,0.8544922,-0.36621094,0.0,0.0,0.0,-44.47815,75.42114,62.940674
2026-02-19 23:07:05.238,1771513625238,1771513625238,-0.9711914,-0.17578125,0.16699219,0.0,0.0,0.18310547,0.0,0.0,0.0,-44.44519,75.42114,62.88025
2026-02-19 23:07:05.338,1771513625338,1771513625338,-0.9682617,-0.17480469,0.1821289,0.9765625,0.30517578,0.0,0.0,0.0,0.0,-44.7583,75.50903,62.418823
2026-02-19 23:07:05.438,1771513625438,1771513625438,-0.96728516,-0.17382812,0.17822266,1.2207031,1.7089844,-0.30517578,0.0,0.0,0.0,-44.89563,75.54199,62.20459
2026-02-19 23:07:05.537,1771513625537,1771513625537,-0.96875,-0.17675781,0.16699219,0.48828125,2.1362305,-0.4272461,0.0,0.0,0.0,-45.197754,75.59143,61.82007
2026-02-19 23:07:05.637,1771513625637,1771513625637,-0.96972656,-0.1743164,0.17138672,-0.61035156,0.36621094,0.0,0.0,0.0,0.0,-45.598755,75.651855,61.380615
2026-02-19 23:07:05.736,1771513625736,1771513625736,-0.96972656,-0.171875,0.17285156,0.4272461,0.9765625,-0.24414062,0.0,0.0,0.0,-45.878906,75.6958,61.04004
2026-02-19 23:07:05.836,1771513625836,1771513625836,-0.97021484,-0.1772461,0.16552734,0.0,1.8920898,-0.18310547,0.0,0.0,0.0,-46.19751,75.76172,60.64453
2026-02-19 23:07:05.936,1771513625936,1771513625936,-0.9716797,-0.17919922,0.1586914,-0.18310547,2.380371,-0.30517578,0.0,0.0,0.0,-46.812744,75.87158,59.974365
2026-02-19 23:07:06.035,1771513626035,1771513626035,-0.9658203,-0.18017578,0.16308594,0.8544922,1.4648438,-0.36621094,0.0,0.0,0.0,-47.477417,75.97046,59.227295
2026-02-19 23:07:06.135,1771513626135,1771513626135,-0.97265625,-0.17773438,0.15283203,-0.36621094,1.4648438,-0.061035156,0.0,0.0,0.0,-47.922363,76.04187,58.727417
2026-02-19 23:07:06.235,1771513626235,1771513626235,-0.9741211,-0.17822266,0.15820312,-0.30517578,0.61035156,0.061035156,0.0,0.0,0.0,-48.460693,76.14624,58.084717
2026-02-19 23:07:06.335,1771513626335,1771513626335,-0.96875,-0.17626953,0.15625,0.61035156,0.7324219,-0.24414062,0.0,0.0,0.0,-48.75183,76.190186,57.733154
2026-02-19 23:07:06.434,1771513626434,1771513626434,-0.9716797,-0.17919922,0.14892578,0.48828125,0.5493164,-0.18310547,0.0,0.0,0.0,-48.894653,76.21216,57.513428
2026-02-19 23:07:06.534,1771513626534,1771513626534,-0.96875,-0.17578125,0.16064453,-0.18310547,-0.9765625,0.0,0.0,0.0,0.0,-48.883667,76.19568,57.507935
2026-02-19 23:07:06.634,1771513626634,1771513626634,-0.9711914,-0.17578125,0.15820312,0.0,-0.9765625,0.0,0.0,0.0,0.0,-48.47168,76.11328,57.95288
2026-02-19 23:07:06.733,1771513626733,1771513626733,-0.97216797,-0.17871094,0.15576172,0.0,-1.4038086,0.0,0.0,0.0,0.0,-48.032227,76.03088,58.38684
2026-02-19 23:07:06.833,1771513626833,1771513626833,-0.97021484,-0.17822266,0.15820312,-0.4272461,-1.6479492,0.0,0.0,0.0,0.0,-47.642212,75.94849,58.809814
2026-02-19 23:07:06.933,1771513626933,1771513626933,-0.96972656,-0.17871094,0.16259766,0.48828125,-1.5869141,0.0,0.0,0.0,0.0,-47.30713,75.86609,59.205322
2026-02-19 23:07:07.033,1771513627033,1771513627033,-0.97021484,-0.17919922,0.16796875,-0.30517578,-2.0141602,0.0,0.0,0.0,0.0,-46.939087,75.78369,59.58435
2026-02-19 23:07:07.132,1771513627132,1771513627132,-0.9682617,-0.17675781,0.17333984,0.24414062,-0.9765625,0.0,0.0,0.0,0.0,-46.450195,75.668335,60.12268
2026-02-19 23:07:07.232,1771513627232,1771513627232,-0.9667969,-0.1772461,0.17041016,-1.0375977,-1.7089844,0.4272461,0.0,0.0,0.0,-45.950317,75.55847,60.67749
2026-02-19 23:07:07.332,1771513627332,1771513627332,-0.9716797,-0.17773438,0.17480469,-0.8544922,-1.159668,0.4272461,0.0,0.0,0.0,-45.703125,75.51453,61.012573
2026-02-19 23:07:07.432,1771513627432,1771513627432,-0.97021484,-0.17675781,0.1743164,-0.7324219,-0.8544922,0.12207031,0.0,0.0,0.0,-45.324097,75.43762,61.51245
2026-02-19 23:07:07.531,1771513627531,1771513627531,-0.9692383,-0.17529297,0.17529297,-1.4648438,-1.8920898,0.5493164,0.0,0.0,0.0,-44.98352,75.3772,61.990356
2026-02-19 23:07:07.631,1771513627631,1771513627631,-0.96728516,-0.17480469,0.18115234,-0.36621094,-1.7700195,0.24414062,0.0,0.0,0.0,-44.483643,75.28381,62.600098
2026-02-19 23:07:07.730,1771513627730,1771513627730,-0.96777344,-0.17626953,0.1821289,-0.5493164,-1.6479492,0.24414062,0.0,0.0,0.0,-43.945312,75.162964,63.215332
2026-02-19 23:07:07.831,1771513627831,1771513627831,-0.96972656,-0.17529297,0.18261719,-0.24414062,-1.5258789,0.18310547,0.0,0.0,0.0,-43.50586,75.06958,63.687744
2026-02-19 23:07:07.930,1771513627930,1771513627930,-0.96777344,-0.17675781,0.18652344,0.79345703,-0.8544922,-0.18310547,0.0,0.0,0.0,-43.099365,74.96521,64.072266
2026-02-19 23:07:08.030,1771513628030,1771513628030,-0.96777344,-0.17871094,0.17822266,-0.9765625,-2.1972656,0.61035156,0.0,0.0,0.0,-42.681885,74.85535,64.46777
2026-02-19 23:07:08.129,1771513628129,1771513628129,-0.9663086,-0.1772461,0.19482422,0.48828125,-0.5493164,0.061035156,0.0,0.0,0.0,-42.63794,74.85535,64.45679
2026-02-19 23:07:08.229,1771513628229,1771513628229,-0.96484375,-0.1743164,0.19189453,0.48828125,0.4272461,0.0,0.0,0.0,0.0,-42.46765,74.833374,64.660034
2026-02-19 23:07:08.329,1771513628329,1771513628329,-0.9667969,-0.17675781,0.18652344,-0.30517578,-0.5493164,0.18310547,0.0,0.0,0.0,-42.34131,74.8114,64.78638
2026-02-19 23:07:08.428,1771513628428,1771513628428,-0.96484375,-0.17382812,0.19677734,-0.12207031,0.0,0.061035156,0.0,0.0,0.0,-42.368774,74.82239,64.72595
2026-02-19 23:07:08.528,1771513628528,1771513628528,-0.9663086,-0.17382812,0.1928711,0.061035156,0.18310547,-0.061035156,0.0,0.0,0.0,-42.297363,74.80591,64.78638
2026-02-19 23:07:08.628,1771513628628,1771513628628,-0.96728516,-0.17626953,0.19189453,0.0,0.0,-0.061035156,0.0,0.0,0.0,-42.280884,74.800415,64.78088
2026-02-19 23:07:08.728,1771513628728,1771513628728,-0.9663086,-0.17626953,0.19091797,0.061035156,0.061035156,-0.061035156,0.0,0.0,0.0,-42.34131,74.800415,64.68201
2026-02-19 23:07:08.827,1771513628827,1771513628827,-0.9667969,-0.17822266,0.19042969,-0.12207031,-0.18310547,0.0,0.0,0.0,0.0,-42.36328,74.80591,64.610596
2026-02-19 23:07:08.927,1771513628927,1771513628927,-0.97021484,-0.17578125,0.19433594,-0.30517578,-0.9765625,0.18310547,0.0,0.0,0.0,-42.374268,74.800415,64.56116
2026-02-19 23:07:09.027,1771513629027,1771513629027,-0.9633789,-0.17236328,0.20214844,0.8544922,0.79345703,-0.12207031,0.0,0.0,0.0,-42.44568,74.82239,64.46228
2026-02-19 23:07:09.126,1771513629126,1771513629126,-0.9667969,-0.17382812,0.1899414,-0.12207031,0.4272461,0.0,0.0,0.0,0.0,-42.30835,74.800415,64.58313
2026-02-19 23:07:09.226,1771513629226,1771513629226,-0.96875,-0.17675781,0.18945312,-0.4272461,-0.24414062,0.12207031,0.0,0.0,0.0,-42.330322,74.80591,64.51172
2026-02-19 23:07:09.326,1771513629326,1771513629326,-0.96484375,-0.17578125,0.19238281,0.48828125,0.61035156,-0.18310547,0.0,0.0,0.0,-42.46216,74.833374,64.32495
2026-02-19 23:07:09.426,1771513629426,1771513629426,-0.9667969,-0.17480469,0.18359375,0.61035156,2.0141602,-0.30517578,0.0,0.0,0.0,-42.643433,74.87732,64.09424
2026-02-19 23:07:09.525,1771513629525,1771513629525,-0.97021484,-0.17773438,0.18847656,0.9765625,2.5024414,-0.4272461,0.0,0.0,0.0,-43.40149,75.0531,63.22632
2026-02-19 23:07:09.626,1771513629626,1771513629626,-0.9692383,-0.17675781,0.18701172,2.0141602,2.1972656,-0.4272461,0.0,0.0,0.0,-43.862915,75.15198,62.58911
2026-02-19 23:07:09.725,1771513629725,1771513629725,-0.96777344,-0.17333984,0.18164062,1.953125,1.7700195,-0.61035156,0.0,0.0,0.0,-44.08264,75.19043,62.111206
2026-02-19 23:07:09.824,1771513629824,1771513629824,-0.9692383,-0.17675781,0.1821289,1.2817383,0.36621094,0.0,0.0,0.0,0.0,-44.197998,75.22339,61.66626
2026-02-19 23:07:09.924,1771513629924,1771513629924,-0.9667969,-0.17675781,0.17333984,0.5493164,1.6479492,-0.18310547,0.0,0.0,0.0,-44.318848,75.26184,61.44104
2026-02-19 23:07:10.024,1771513630024,1771513630024,-0.96728516,-0.17871094,0.17480469,0.12207031,1.159668,0.0,0.0,0.0,0.0,-44.752808,75.36621,60.90271
2026-02-19 23:07:10.124,1771513630124,1771513630124,-0.96533203,-0.17578125,0.17578125,0.4272461,3.8452148,-0.4272461,0.0,0.0,0.0,-45.461426,75.52002,60.150146
2026-02-19 23:07:10.223,1771513630223,1771513630223,-0.97021484,-0.17480469,0.15917969,0.30517578,2.380371,-0.8544922,0.0,0.0,0.0,-46.186523,75.62988,59.353638
2026-02-19 23:07:10.323,1771513630323,1771513630323,-0.9716797,-0.17919922,0.16064453,-0.30517578,1.4038086,-0.24414062,0.0,0.0,0.0,-46.9281,75.72876,58.49121
2026-02-19 23:07:10.423,1771513630423,1771513630423,-0.96972656,-0.18115234,0.1640625,0.4272461,1.5869141,-0.36621094,0.0,0.0,0.0,-47.493896,75.81116,57.799072
2026-02-19 23:07:10.522,1771513630522,1771513630522,-0.97216797,-0.1821289,0.16015625,0.24414062,1.2817383,-0.30517578,0.0,0.0,0.0,-48.048706,75.88806,57.123413
2026-02-19 23:07:10.622,1771513630622,1771513630622,-0.96972656,-0.18066406,0.15820312,0.18310547,1.7089844,0.0,0.0,0.0,0.0,-48.614502,75.97595,56.480713
2026-02-19 23:07:10.722,1771513630722,1771513630722,-0.9741211,-0.17773438,0.15722656,-0.30517578,1.159668,-0.061035156,0.0,0.0,0.0,-49.053955,76.06384,55.942383
2026-02-19 23:07:10.821,1771513630821,1771513630821,-0.97265625,-0.17919922,0.15429688,-0.12207031,0.9765625,0.12207031,0.0,0.0,0.0,-49.389038,76.135254,55.55237
2026-02-19 23:07:10.921,1771513630921,1771513630921,-0.97216797,-0.17871094,0.15429688,-0.061035156,0.0,0.061035156,0.0,0.0,0.0,-49.41101,76.15723,55.513916
2026-02-19 23:07:11.021,1771513631021,1771513631021,-0.97509766,-0.1796875,0.15429688,-0.061035156,-1.159668,0.061035156,0.0,0.0,0.0,-49.224243,76.12976,55.67871
2026-02-19 23:07:11.121,1771513631121,1771513631121,-0.9711914,-0.17773438,0.1538086,-0.4272461,-0.8544922,0.0,0.0,0.0,0.0,-48.90564,76.06384,56.02478
2026-02-19 23:07:11.220,1771513631220,1771513631220,-0.9711914,-0.17773438,0.15722656,-0.48828125,-1.5869141,0.0,0.0,0.0,0.0,-48.636475,76.00342,56.343384
2026-02-19 23:07:11.320,1771513631320,1771513631320,-0.9711914,-0.18017578,0.15966797,-0.12207031,-1.5869141,0.0,0.0,0.0,0.0,-48.169556,75.89905,56.865234
2026-02-19 23:07:11.420,1771513631420,1771513631420,-0.97021484,-0.18017578,0.15917969,0.0,-1.0986328,0.0,0.0,0.0,0.0,-47.686157,75.79468,57.44751
2026-02-19 23:07:11.519,1771513631519,1771513631519,-0.96972656,-0.18359375,0.16259766,0.061035156,-1.953125,0.0,0.0,0.0,0.0,-47.367554,75.72876,57.837524
2026-02-19 23:07:11.619,1771513631619,1771513631619,-0.9707031,-0.17919922,0.171875,-1.0986328,-1.2207031,0.18310547,0.0,0.0,0.0,-47.109375,75.66284,58.16162
2026-02-19 23:07:11.719,1771513631719,1771513631719,-0.96777344,-0.17578125,0.1743164,0.18310547,0.36621094,0.061035156,0.0,0.0,0.0,-46.82373,75.6189,58.57361
2026-02-19 23:07:11.819,1771513631819,1771513631819,-0.9711914,-0.18066406,0.16894531,-0.79345703,-0.61035156,0.30517578,0.0,0.0,0.0,-46.691895,75.6134,58.73291
2026-02-19 23:07:11.919,1771513631919,1771513631919,-0.96484375,-0.17919922,0.16796875,-0.18310547,0.6713867,0.061035156,0.0,0.0,0.0,-46.658936,75.6189,58.831787
2026-02-19 23:07:12.018,1771513632018,1771513632018,-0.9707031,-0.17919922,0.16308594,-1.0375977,-0.18310547,0.30517578,0.0,0.0,0.0,-46.636963,75.635376,58.94165
2026-02-19 23:07:12.118,1771513632118,1771513632118,-0.97314453,-0.1772461,0.17480469,-0.61035156,-0.61035156,0.4272461,0.0,0.0,0.0,-46.604004,75.64636,59.051514
2026-02-19 23:07:12.218,1771513632218,1771513632218,-0.9692383,-0.17578125,0.16503906,-0.36621094,-0.9765625,0.30517578,0.0,0.0,0.0,-46.06018,75.563965,59.644775
2026-02-19 23:07:12.317,1771513632317,1771513632317,-0.97021484,-0.17919922,0.17236328,-0.48828125,-0.48828125,0.18310547,0.0,0.0,0.0,-45.91736,75.547485,59.80957
2026-02-19 23:07:12.417,1771513632417,1771513632417,-0.9692383,-0.17871094,0.17089844,-0.36621094,-0.48828125,0.12207031,0.0,0.0,0.0,-45.78003,75.52002,59.96338
2026-02-19 23:07:12.517,1771513632517,1771513632517,-0.96777344,-0.1772461,0.17236328,-0.4272461,-0.5493164,0.0,0.0,0.0,0.0,-45.670166,75.48706,60.100708
2026-02-19 23:07:12.616,1771513632616,1771513632616,-0.9736328,-0.18017578,0.16210938,-1.2207031,-2.5024414,0.6713867,0.0,0.0,0.0,-45.31311,75.41565,60.45227
2026-02-19 23:07:12.716,1771513632716,1771513632716,-0.96728516,-0.17773438,0.18164062,0.12207031,-1.159668,0.12207031,0.0,0.0,0.0,-45.08789,75.38269,60.688477
2026-02-19 23:07:12.816,1771513632816,1771513632816,-0.9658203,-0.17529297,0.17626953,0.24414062,0.0,0.0,0.0,0.0,0.0,-44.79126,75.322266,61.02356
2026-02-19 23:07:12.916,1771513632916,1771513632916,-0.9711914,-0.17871094,0.17285156,-0.5493164,-0.79345703,0.18310547,0.0,0.0,0.0,-44.681396,75.30029,61.105957
2026-02-19 23:07:13.015,1771513633015,1771513633015,-0.9663086,-0.17626953,0.18164062,0.0,0.0,-0.061035156,0.0,0.0,0.0,-44.763794,75.31128,61.001587
2026-02-19 23:07:13.115,1771513633115,1771513633115,-0.96728516,-0.17675781,0.1772461,0.0,-0.24414062,0.0,0.0,0.0,0.0,-44.642944,75.28381,61.11145
2026-02-19 23:07:13.215,1771513633215,1771513633215,-0.96875,-0.17773438,0.17919922,0.12207031,-0.24414062,0.0,0.0,0.0,0.0,-44.593506,75.27832,61.116943
2026-02-19 23:07:13.315,1771513633315,1771513633315,-0.9692383,-0.17675781,0.17822266,0.5493164,0.18310547,-0.18310547,0.0,0.0,0.0,-44.5166,75.26184,61.16638
2026-02-19 23:07:13.414,1771513633414,1771513633414,-0.96728516,-0.17529297,0.18261719,0.6713867,0.0,-0.24414062,0.0,0.0,0.0,-44.555054,75.267334,61.083984
2026-02-19 23:07:13.514,1771513633514,1771513633514,-0.96777344,-0.17480469,0.18847656,0.7324219,0.18310547,-0.36621094,0.0,0.0,0.0,-44.593506,75.26184,60.985107
2026-02-19 23:07:13.614,1771513633614,1771513633614,-0.9658203,-0.17333984,0.1850586,1.7700195,2.1972656,-0.6713867,0.0,0.0,0.0,-44.62097,75.267334,60.88623
2026-02-19 23:07:13.713,1771513633713,1771513633713,-0.9711914,-0.17773438,0.17236328,0.36621094,0.8544922,-0.18310547,0.0,0.0,0.0,-44.71985,75.28381,60.688477
2026-02-19 23:07:13.813,1771513633813,1771513633813,-0.97021484,-0.17871094,0.17675781,1.4038086,2.9907227,-0.61035156,0.0,0.0,0.0,-45.422974,75.42114,59.80957
2026-02-19 23:07:13.913,1771513633913,1771513633913,-0.9667969,-0.17773438,0.16796875,0.30517578,2.5024414,-0.18310547,0.0,0.0,0.0,-45.95581,75.531006,59.2218
2026-02-19 23:07:14.013,1771513634013,1771513634013,-0.9711914,-0.17773438,0.17138672,-0.12207031,0.4272461,-0.061035156,0.0,0.0,0.0,-46.450195,75.6189,58.623047
2026-02-19 23:07:14.112,1771513634112,1771513634112,-0.9716797,-0.17822266,0.17089844,1.2207031,0.9765625,-0.30517578,0.0,0.0,0.0,-46.713867,75.67383,58.238525
2026-02-19 23:07:14.212,1771513634212,1771513634212,-0.96875,-0.17822266,0.16210938,0.8544922,3.2958984,-0.48828125,0.0,0.0,0.0,-47.092896,75.739746,57.738647
2026-02-19 23:07:14.312,1771513634312,1771513634312,-0.97216797,-0.18310547,0.1586914,0.061035156,1.4648438,-0.30517578,0.0,0.0,0.0,-47.82898,75.860596,56.84326
2026-02-19 23:07:14.411,1771513634411,1771513634411,-0.96777344,-0.18017578,0.16601562,1.2207031,1.8310547,-0.5493164,0.0,0.0,0.0,-48.427734,75.94849,56.107178
2026-02-19 23:07:14.511,1771513634511,1771513634511,-0.97216797,-0.17822266,0.1508789,0.79345703,2.380371,-0.61035156,0.0,0.0,0.0,-49.01001,76.02539,55.426025
2026-02-19 23:07:14.611,1771513634611,1771513634611,-0.9736328,-0.18066406,0.1538086,0.0,1.8310547,-0.061035156,0.0,0.0,0.0,-49.768066,76.15173,54.51416
2026-02-19 23:07:14.711,1771513634711,1771513634711,-0.9707031,-0.18115234,0.14501953,0.48828125,1.5258789,-0.18310547,0.0,0.0,0.0,-50.196533,76.223145,53.953857
2026-02-19 23:07:14.811,1771513634811,1771513634811,-0.9746094,-0.18457031,0.13964844,0.5493164,1.7089844,-0.18310547,0.0,0.0,0.0,-50.72937,76.31653,53.30017
2026-02-19 23:07:14.910,1771513634910,1771513634910,-0.9716797,-0.18066406,0.14746094,0.0,1.2207031,-0.12207031,0.0,0.0,0.0,-51.229248,76.39343,52.74536
2026-02-19 23:07:15.010,1771513635010,1771513635010,-0.9741211,-0.18017578,0.14355469,-0.12207031,0.24414062,0.0,0.0,0.0,0.0,-51.416016,76.4209,52.52014
2026-02-19 23:07:15.109,1771513635109,1771513635109,-0.97314453,-0.18066406,0.14355469,0.12207031,-0.30517578,-0.061035156,0.0,0.0,0.0,-51.44348,76.4209,52.426758
2026-02-19 23:07:15.209,1771513635209,1771513635209,-0.97216797,-0.18261719,0.14550781,0.48828125,-0.61035156,-0.24414062,0.0,0.0,0.0,-51.25122,76.38245,52.591553
2026-02-19 23:07:15.309,1771513635309,1771513635309,-0.9716797,-0.18359375,0.14746094,0.61035156,-1.2817383,0.0,0.0,0.0,0.0,-50.7843,76.30005,53.080444
2026-02-19 23:07:15.409,1771513635409,1771513635409,-0.9741211,-0.18408203,0.1430664,-0.30517578,-1.8920898,0.24414062,0.0,0.0,0.0,-50.27893,76.223145,53.61328
2026-02-19 23:07:15.508,1771513635508,1771513635508,-0.97216797,-0.18164062,0.15478516,-0.24414062,-1.4038086,0.24414062,0.0,0.0,0.0,-49.84497,76.15173,54.091187
2026-02-19 23:07:15.609,1771513635609,1771513635609,-0.97021484,-0.18066406,0.1484375,-0.4272461,-1.5258789,0.30517578,0.0,0.0,0.0,-49.246216,76.06384,54.750366
2026-02-19 23:07:15.708,1771513635708,1771513635708,-0.9746094,-0.1796875,0.15673828,-0.7324219,-1.953125,0.36621094,0.0,0.0,0.0,-48.988037,76.03088,55.05249
2026-02-19 23:07:15.807,1771513635807,1771513635807,-0.96875,-0.17773438,0.16357422,0.0,-0.91552734,0.0,0.0,0.0,0.0,-48.59253,75.95947,55.53589
2026-02-19 23:07:15.907,1771513635907,1771513635907,-0.9707031,-0.1796875,0.16113281,-0.5493164,-1.8310547,0.24414062,0.0,0.0,0.0,-48.00476,75.860596,56.206055
2026-02-19 23:07:16.007,1771513636007,1771513636007,-0.96972656,-0.18017578,0.16552734,-0.36621094,-1.8310547,0.18310547,0.0,0.0,0.0,-47.46643,75.76172,56.810303
2026-02-19 23:07:16.107,1771513636107,1771513636107,-0.9692383,-0.17919922,0.16699219,-0.24414062,-1.2817383,0.0,0.0,0.0,0.0,-46.988525,75.651855,57.34314
2026-02-19 23:07:16.207,1771513636207,1771513636207,-0.96972656,-0.17871094,0.16748047,-0.8544922,-1.0375977,0.24414062,0.0,0.0,0.0,-46.604004,75.56946,57.771606
2026-02-19 23:07:16.306,1771513636306,1771513636306,-0.9663086,-0.17871094,0.16845703,-0.36621094,0.0,0.061035156,0.0,0.0,0.0,-46.499634,75.547485,57.93091
2026-02-19 23:07:16.406,1771513636406,1771513636406,-0.9736328,-0.18359375,0.15917969,-2.1972656,-2.8076172,1.0375977,0.0,0.0,0.0,-46.032715,75.476074,58.47473
2026-02-19 23:07:16.506,1771513636506,1771513636506,-0.96777344,-0.17919922,0.18017578,-0.061035156,-0.4272461,0.30517578,0.0,0.0,0.0,-45.928345,75.48157,58.64502
2026-02-19 23:07:16.605,1771513636605,1771513636605,-0.96777344,-0.17626953,0.18066406,0.24414062,-2.0141602,0.24414062,0.0,0.0,0.0,-45.373535,75.39368,59.265747
2026-02-19 23:07:16.705,1771513636705,1771513636705,-0.97021484,-0.18066406,0.17138672,-0.4272461,-1.5258789,0.24414062,0.0,0.0,0.0,-44.730835,75.25635,59.919434
2026-02-19 23:07:16.805,1771513636805,1771513636805,-0.9663086,-0.17578125,0.18261719,-0.061035156,-0.30517578,0.0,0.0,0.0,0.0,-44.588013,75.22339,60.100708
2026-02-19 23:07:16.904,1771513636904,1771513636904,-0.96728516,-0.1772461,0.1796875,-0.061035156,-0.79345703,0.0,0.0,0.0,0.0,-44.30786,75.162964,60.386353
2026-02-19 23:07:17.004,1771513637004,1771513637004,-0.9692383,-0.17822266,0.18261719,0.18310547,-0.4272461,-0.061035156,0.0,0.0,0.0,-44.170532,75.12451,60.51819
2026-02-19 23:07:17.104,1771513637104,1771513637104,-0.9663086,-0.17773438,0.18554688,0.36621094,0.30517578,0.0,0.0,0.0,0.0,-44.088135,75.10254,60.584106
2026-02-19 23:07:17.203,1771513637203,1771513637203,-0.9663086,-0.17626953,0.18847656,0.48828125,0.24414062,0.0,0.0,0.0,0.0,-44.022217,75.08606,60.62805
2026-02-19 23:07:17.303,1771513637303,1771513637303,-0.9667969,-0.17480469,0.19238281,0.4272461,0.7324219,0.0,0.0,0.0,0.0,-44.049683,75.097046,60.545654
2026-02-19 23:07:17.403,1771513637403,1771513637403,-0.9658203,-0.1743164,0.18115234,0.91552734,1.7089844,-0.36621094,0.0,0.0,0.0,-43.917847,75.08057,60.671997
2026-02-19 23:07:17.503,1771513637503,1771513637503,-0.96875,-0.1796875,0.17871094,-0.36621094,-0.36621094,0.12207031,0.0,0.0,0.0,-43.99475,75.097046,60.496216
2026-02-19 23:07:17.602,1771513637602,1771513637602,-0.9658203,-0.17822266,0.18408203,0.18310547,0.24414062,0.0,0.0,0.0,0.0,-44.066162,75.11902,60.375366
2026-02-19 23:07:17.702,1771513637702,1771513637702,-0.96875,-0.1772461,0.17871094,0.36621094,0.5493164,-0.18310547,0.0,0.0,0.0,-44.071655,75.11902,60.353394
2026-02-19 23:07:17.802,1771513637802,1771513637802,-0.96875,-0.17626953,0.18408203,0.0,0.0,0.0,0.0,0.0,0.0,-44.13208,75.130005,60.254517
2026-02-19 23:07:17.902,1771513637902,1771513637902,-0.96728516,-0.17626953,0.18408203,0.5493164,0.4272461,-0.12207031,0.0,0.0,0.0,-44.18152,75.14099,60.133667
2026-02-19 23:07:18.002,1771513638002,1771513638002,-0.96777344,-0.17871094,0.18017578,0.61035156,0.9765625,-0.36621094,0.0,0.0,0.0,-44.329834,75.16846,59.891968
2026-02-19 23:07:18.101,1771513638101,1771513638101,-0.97021484,-0.18066406,0.17382812,0.7324219,1.7700195,-0.30517578,0.0,0.0,0.0,-44.68689,75.234375,59.419556
2026-02-19 23:07:18.201,1771513638201,1771513638201,-0.9633789,-0.18310547,0.17041016,0.7324219,2.9907227,-0.5493164,0.0,0.0,0.0,-45.45044,75.38269,58.52417
2026-02-19 23:07:18.301,1771513638301,1771513638301,-0.97509766,-0.18066406,0.16601562,-0.061035156,0.24414062,0.0,0.0,0.0,0.0,-45.90088,75.459595,57.941895
2026-02-19 23:07:18.400,1771513638400,1771513638400,-0.96777344,-0.17773438,0.18017578,1.5869141,1.7700195,-0.36621094,0.0,0.0,0.0,-46.45569,75.563965,57.20581
2026-02-19 23:07:18.500,1771513638500,1771513638500,-0.9663086,-0.17578125,0.16503906,1.2207031,1.4648438,-0.48828125,0.0,0.0,0.0,-46.576538,75.58594,56.953125
2026-02-19 23:07:18.600,1771513638600,1771513638600,-0.97314453,-0.18115234,0.16210938,0.48828125,1.159668,-0.36621094,0.0,0.0,0.0,-46.966553,75.635376,56.38733
2026-02-19 23:07:18.700,1771513638700,1771513638700,-0.9692383,-0.18115234,0.16357422,0.5493164,3.2958984,-0.4272461,0.0,0.0,0.0,-47.69165,75.75073,55.55786
2026-02-19 23:07:18.799,1771513638799,1771513638799,-0.97021484,-0.18066406,0.1586914,0.5493164,1.7089844,-0.4272461,0.0,0.0,0.0,-48.444214,75.8551,54.662476
2026-02-19 23:07:18.899,1771513638899,1771513638899,-0.97021484,-0.18164062,0.15771484,0.24414062,1.6479492,-0.24414062,0.0,0.0,0.0,-49.037476,75.94299,53.94287
2026-02-19 23:07:18.999,1771513638999,1771513638999,-0.97265625,-0.18066406,0.15527344,0.61035156,1.2817383,-0.4272461,0.0,0.0,0.0,-49.48242,76.00342,53.415527
2026-02-19 23:07:19.099,1771513639099,1771513639099,-0.9711914,-0.18408203,0.15722656,1.0986328,1.3427734,-0.4272461,0.0,0.0,0.0,-49.79004,76.03088,52.976074
2026-02-19 23:07:19.198,1771513639198,1771513639198,-0.9716797,-0.18310547,0.14697266,0.36621094,1.5258789,-0.18310547,0.0,0.0,0.0,-50.125122,76.07483,52.580566
2026-02-19 23:07:19.298,1771513639298,1771513639298,-0.9746094,-0.18457031,0.15039062,-0.36621094,0.0,0.24414062,0.0,0.0,0.0,-50.443726,76.135254,52.18506
2026-02-19 23:07:19.398,1771513639398,1771513639398,-0.97216797,-0.18408203,0.14941406,0.18310547,0.4272461,0.18310547,0.0,0.0,0.0,-50.498657,76.15723,52.075195
2026-02-19 23:07:19.497,1771513639497,1771513639497,-0.97216797,-0.1821289,0.14501953,0.0,-0.4272461,0.18310547,0.0,0.0,0.0,-50.427246,76.16821,52.130127
2026-02-19 23:07:19.597,1771513639597,1771513639597,-0.97314453,-0.18261719,0.15185547,-0.30517578,-1.4038086,0.18310547,0.0,0.0,0.0,-50.185547,76.14075,52.404785
2026-02-19 23:07:19.697,1771513639697,1771513639697,-0.9716797,-0.1796875,0.15185547,0.36621094,-0.91552734,-0.12207031,0.0,0.0,0.0,-49.779053,76.06384,52.84973
2026-02-19 23:07:19.796,1771513639796,1771513639796,-0.9711914,-0.1796875,0.15722656,-0.5493164,-1.8310547,0.061035156,0.0,0.0,0.0,-49.345093,75.97595,53.28369
2026-02-19 23:07:19.896,1771513639896,1771513639896,-0.97216797,-0.18261719,0.15917969,-0.91552734,-2.1972656,0.12207031,0.0,0.0,0.0,-48.76831,75.84412,53.865967
2026-02-19 23:07:19.996,1771513639996,1771513639996,-0.9711914,-0.18359375,0.16357422,-0.30517578,-1.5258789,0.18310547,0.0,0.0,0.0,-48.19153,75.72876,54.486694
2026-02-19 23:07:20.096,1771513640096,1771513640096,-0.96777344,-0.18164062,0.16015625,-0.061035156,-0.6713867,0.18310547,0.0,0.0,0.0,-47.752075,75.64087,55.01953
2026-02-19 23:07:20.196,1771513640196,1771513640196,-0.9711914,-0.18115234,0.16455078,-0.12207031,-1.4038086,0.36621094,0.0,0.0,0.0,-47.460938,75.596924,55.354614
2026-02-19 23:07:20.295,1771513640295,1771513640295,-0.9667969,-0.1821289,0.16796875,-0.12207031,-0.36621094,0.18310547,0.0,0.0,0.0,-47.005005,75.5365,55.86548
2026-02-19 23:07:20.395,1771513640395,1771513640395,-0.96972656,-0.18310547,0.1616211,-0.30517578,-0.6713867,0.12207031,0.0,0.0,0.0,-46.6864,75.48706,56.25
2026-02-19 23:07:20.495,1771513640495,1771513640495,-0.96875,-0.18115234,0.17333984,-0.48828125,-0.9765625,0.12207031,0.0,0.0,0.0,-46.56006,75.459595,56.42578
2026-02-19 23:07:20.594,1771513640594,1771513640594,-0.9667969,-0.1796875,0.17333984,-0.7324219,-1.0986328,0.24414062,0.0,0.0,0.0,-46.235962,75.38818,56.826782
2026-02-19 23:07:20.694,1771513640694,1771513640694,-0.96728516,-0.18017578,0.17626953,-0.91552734,-0.9765625,0.24414062,0.0,0.0,0.0,-45.95581,75.32776,57.17285
2026-02-19 23:07:20.794,1771513640794,1771513640794,-0.97021484,-0.18115234,0.17382812,-0.9765625,-1.0375977,0.48828125,0.0,0.0,0.0,-45.65918,75.28381,57.55188
2026-02-19 23:07:20.893,1771513640893,1771513640893,-0.96484375,-0.18017578,0.17626953,-0.30517578,-0.4272461,0.061035156,0.0,0.0,0.0,-45.477905,75.25635,57.799072
2026-02-19 23:07:20.993,1771513640993,1771513640993,-0.97216797,-0.18408203,0.16699219,-2.0141602,-2.5024414,0.8544922,0.0,0.0,0.0,-45.060425,75.17395,58.29895
2026-02-19 23:07:21.093,1771513641093,1771513641093,-0.9663086,-0.17871094,0.1850586,0.4272461,-0.24414062,0.12207031,0.0,0.0,0.0,-44.989014,75.18494,58.392334
2026-02-19 23:07:21.192,1771513641192,1771513641192,-0.96484375,-0.17773438,0.17773438,0.0,-0.24414062,0.24414062,0.0,0.0,0.0,-44.63745,75.1355,58.78784
2026-02-19 23:07:21.293,1771513641293,1771513641293,-0.96972656,-0.18017578,0.17871094,-0.91552734,-1.0986328,0.48828125,0.0,0.0,0.0,-44.46167,75.113525,58.980103
2026-02-19 23:07:21.392,1771513641392,1771513641392,-0.96533203,-0.1772461,0.1875,0.061035156,0.12207031,0.0,0.0,0.0,0.0,-44.456177,75.113525,58.99109
2026-02-19 23:07:21.492,1771513641492,1771513641492,-0.9667969,-0.17675781,0.18164062,0.0,-0.30517578,0.0,0.0,0.0,0.0,-44.258423,75.06958,59.194336
2026-02-19 23:07:21.592,1771513641592,1771513641592,-0.96728516,-0.1796875,0.18115234,-0.061035156,-0.12207031,-0.061035156,0.0,0.0,0.0,-44.159546,75.042114,59.265747
2026-02-19 23:07:21.691,1771513641691,1771513641691,-0.96777344,-0.18066406,0.18066406,-0.061035156,-0.18310547,0.0,0.0,0.0,0.0,-44.137573,75.03662,59.23828
2026-02-19 23:07:21.791,1771513641791,1771513641791,-0.9638672,-0.17822266,0.1821289,-0.12207031,-0.12207031,0.0,0.0,0.0,0.0,-44.154053,75.03113,59.19983
2026-02-19 23:07:21.891,1771513641891,1771513641891,-0.97021484,-0.18164062,0.17236328,-1.3427734,-1.3427734,0.6713867,0.0,0.0,0.0,-43.97827,75.00366,59.370117
2026-02-19 23:07:21.990,1771513641990,1771513641990,-0.9667969,-0.18017578,0.18798828,0.0,-0.24414062,0.12207031,0.0,0.0,0.0,-44.121094,75.04761,59.15039
2026-02-19 23:07:22.090,1771513642090,1771513642090,-0.9638672,-0.17626953,0.18798828,0.6713867,1.159668,-0.12207031,0.0,0.0,0.0,-44.20349,75.06958,59.057007
2026-02-19 23:07:22.190,1771513642190,1771513642190,-0.96875,-0.18017578,0.17675781,-0.18310547,0.24414062,0.18310547,0.0,0.0,0.0,-44.14856,75.07507,59.073486
2026-02-19 23:07:22.289,1771513642289,1771513642289,-0.96728516,-0.17822266,0.18457031,-0.18310547,0.061035156,0.12207031,0.0,0.0,0.0,-44.280396,75.10803,58.897705
2026-02-19 23:07:22.389,1771513642389,1771513642389,-0.96875,-0.17675781,0.18164062,0.6713867,0.48828125,-0.18310547,0.0,0.0,0.0,-44.313354,75.113525,58.815308
2026-02-19 23:07:22.489,1771513642489,1771513642489,-0.97021484,-0.1796875,0.17822266,1.159668,2.380371,-0.36621094,0.0,0.0,0.0,-44.593506,75.17944,58.40332
2026-02-19 23:07:22.589,1771513642589,1771513642589,-0.96875,-0.17871094,0.17773438,0.48828125,2.1362305,-0.4272461,0.0,0.0,0.0,-45.1593,75.28931,57.700195
2026-02-19 23:07:22.688,1771513642688,1771513642688,-0.9658203,-0.17480469,0.18798828,2.380371,-1.0986328,-0.36621094,0.0,0.0,0.0,-45.22522,75.28381,57.403564
2026-02-19 23:07:22.788,1771513642788,1771513642788,-0.9682617,-0.17675781,0.16992188,1.3427734,-1.159668,0.0,0.0,0.0,0.0,-44.42871,75.113525,58.04077
2026-02-19 23:07:22.888,1771513642888,1771513642888,-0.97021484,-0.18115234,0.18066406,0.9765625,-1.159668,0.0,0.0,0.0,0.0,-44.16504,75.06958,58.095703
2026-02-19 23:07:22.987,1771513642987,1771513642987,-0.96435547,-0.17773438,0.18896484,2.0751953,1.159668,-0.36621094,0.0,0.0,0.0,-44.176025,75.08057,58.03528
2026-02-19 23:07:23.087,1771513643087,1771513643087,-0.9682617,-0.17871094,0.17236328,0.24414062,2.1362305,-0.6713867,0.0,0.0,0.0,-44.395752,75.10803,57.771606
2026-02-19 23:07:23.187,1771513643187,1771513643187,-0.96728516,-0.18310547,0.1743164,0.7324219,2.746582,-1.0986328,0.0,0.0,0.0,-45.318604,75.24536,56.793823
2026-02-19 23:07:23.287,1771513643287,1771513643287,-0.9667969,-0.17529297,0.17382812,1.0986328,2.2583008,-0.7324219,0.0,0.0,0.0,-46.175537,75.34424,55.79956
2026-02-19 23:07:23.386,1771513643386,1771513643386,-0.9711914,-0.18017578,0.16992188,0.6713867,2.1972656,-0.4272461,0.0,0.0,0.0,-46.779785,75.44861,54.99756
2026-02-19 23:07:23.486,1771513643486,1771513643486,-0.9667969,-0.18261719,0.17333984,0.36621094,2.0141602,-0.12207031,0.0,0.0,0.0,-47.493896,75.580444,54.15161
2026-02-19 23:07:23.587,1771513643587,1771513643587,-0.97216797,-0.18066406,0.16455078,-0.5493164,1.4038086,-0.30517578,0.0,0.0,0.0,-47.90039,75.62988,53.59131
2026-02-19 23:07:23.686,1771513643686,1771513643686,-0.96777344,-0.18164062,0.16552734,0.0,0.4272461,0.061035156,0.0,0.0,0.0,-48.251953,75.6958,53.168335
2026-02-19 23:07:23.785,1771513643785,1771513643785,-0.9692383,-0.18310547,0.16601562,-0.5493164,-0.18310547,0.18310547,0.0,0.0,0.0,-48.164062,75.69031,53.239746
2026-02-19 23:07:23.886,1771513643886,1771513643886,-0.97314453,-0.18261719,0.16015625,0.18310547,0.0,-0.12207031,0.0,0.0,0.0,-48.065186,75.668335,53.338623
2026-02-19 23:07:23.985,1771513643985,1771513643985,-0.96728516,-0.18310547,0.16357422,-0.061035156,-0.79345703,0.0,0.0,0.0,0.0,-47.955322,75.635376,53.442993
2026-02-19 23:07:24.084,1771513644084,1771513644084,-0.9682617,-0.18115234,0.16455078,0.0,-1.5258789,0.061035156,0.0,0.0,0.0,-47.625732,75.563965,53.805542
2026-02-19 23:07:24.184,1771513644184,1771513644184,-0.9692383,-0.1821289,0.16601562,-0.24414062,-1.4648438,0.0,0.0,0.0,0.0,-47.20276,75.47058,54.25049
2026-02-19 23:07:24.284,1771513644284,1771513644284,-0.97021484,-0.18261719,0.17041016,-0.48828125,-1.8920898,0.0,0.0,0.0,0.0,-46.84021,75.38269,54.65149
2026-02-19 23:07:24.384,1771513644384,1771513644384,-0.9663086,-0.18408203,0.17285156,0.12207031,-0.4272461,0.0,0.0,0.0,0.0,-46.538086,75.30029,55.025024
2026-02-19 23:07:24.483,1771513644483,1771513644483,-0.9711914,-0.18457031,0.16699219,-0.7324219,-2.380371,0.0,0.0,0.0,0.0,-46.186523,75.201416,55.43152
2026-02-19 23:07:24.583,1771513644583,1771513644583,-0.96728516,-0.1821289,0.18164062,-0.061035156,-0.36621094,0.12207031,0.0,0.0,0.0,-45.977783,75.15747,55.700684
2026-02-19 23:07:24.683,1771513644683,1771513644683,-0.96484375,-0.1821289,0.17382812,-1.0375977,-0.7324219,0.4272461,0.0,0.0,0.0,-45.69214,75.11902,56.05774
2026-02-19 23:07:24.782,1771513644782,1771513644782,-0.9716797,-0.1821289,0.18261719,-0.8544922,-0.36621094,0.30517578,0.0,0.0,0.0,-45.774536,75.146484,56.046753
2026-02-19 23:07:24.882,1771513644882,1771513644882,-0.96533203,-0.18066406,0.17333984,-0.30517578,0.061035156,0.061035156,0.0,0.0,0.0,-45.582275,75.113525,56.33789
2026-02-19 23:07:24.982,1771513644982,1771513644982,-0.9682617,-0.1821289,0.17822266,-1.3427734,-1.2817383,0.5493164,0.0,0.0,0.0,-45.472412,75.113525,56.486206
2026-02-19 23:07:25.082,1771513645082,1771513645082,-0.96777344,-0.1796875,0.1796875,-0.48828125,0.12207031,0.12207031,0.0,0.0,0.0,-45.36255,75.113525,56.694946
2026-02-19 23:07:25.182,1771513645182,1771513645182,-0.9667969,-0.18017578,0.17919922,-0.79345703,0.0,0.18310547,0.0,0.0,0.0,-45.27466,75.10803,56.8927
2026-02-19 23:07:25.281,1771513645281,1771513645281,-0.9682617,-0.17822266,0.1821289,-0.61035156,-1.0986328,0.36621094,0.0,0.0,0.0,-45.082397,75.08606,57.145386
2026-02-19 23:07:25.381,1771513645381,1771513645381,-0.9658203,-0.17871094,0.18945312,0.24414062,0.36621094,-0.30517578,0.0,0.0,0.0,-44.98352,75.0531,57.27173
2026-02-19 23:07:25.481,1771513645481,1771513645481,-0.96533203,-0.17822266,0.17626953,-0.36621094,0.18310547,0.24414062,0.0,0.0,0.0,-44.555054,74.992676,57.7771
2026-02-19 23:07:25.581,1771513645581,1771513645581,-0.9682617,-0.18115234,0.1796875,-0.7324219,-1.4038086,0.48828125,0.0,0.0,0.0,-44.434204,74.98718,57.859497
2026-02-19 23:07:25.680,1771513645680,1771513645680,-0.9658203,-0.18017578,0.1850586,0.0,-0.12207031,0.18310547,0.0,0.0,0.0,-44.335327,74.992676,57.95288
2026-02-19 23:07:25.780,1771513645780,1771513645780,-0.96728516,-0.17871094,0.17773438,0.0,-0.18310547,0.061035156,0.0,0.0,0.0,-44.137573,74.96521,58.19458
2026-02-19 23:07:25.880,1771513645880,1771513645880,-0.96777344,-0.17871094,0.18798828,-0.12207031,-0.4272461,0.18310547,0.0,0.0,0.0,-44.13208,74.9762,58.189087
2026-02-19 23:07:25.979,1771513645979,1771513645979,-0.9663086,-0.1772461,0.18457031,0.24414062,0.12207031,-0.061035156,0.0,0.0,0.0,-44.033203,74.95422,58.260498
2026-02-19 23:07:26.080,1771513646080,1771513646080,-0.9663086,-0.17822266,0.18457031,0.30517578,0.5493164,-0.18310547,0.0,0.0,0.0,-44.016724,74.94873,58.233032
2026-02-19 23:07:26.178,1771513646178,1771513646178,-0.9658203,-0.17822266,0.1875,-0.061035156,0.79345703,0.0,0.0,0.0,0.0,-44.093628,74.96521,58.10669
2026-02-19 23:07:26.279,1771513646279,1771513646279,-0.96777344,-0.17773438,0.18896484,0.24414062,0.91552734,0.0,0.0,0.0,0.0,-44.176025,74.98169,57.958374
2026-02-19 23:07:26.378,1771513646378,1771513646378,-0.96728516,-0.17822266,0.1743164,0.18310547,0.91552734,0.0,0.0,0.0,0.0,-44.121094,74.98718,57.991333
2026-02-19 23:07:26.478,1771513646478,1771513646478,-0.96972656,-0.1821289,0.18066406,0.24414062,-0.30517578,0.18310547,0.0,0.0,0.0,-44.296875,75.03662,57.612305
2026-02-19 23:07:26.577,1771513646577,1771513646577,-0.9663086,-0.17773438,0.18164062,1.7089844,1.8310547,-0.48828125,0.0,0.0,0.0,-44.571533,75.10254,57.194824
2026-02-19 23:07:26.677,1771513646677,1771513646677,-0.9682617,-0.1796875,0.17529297,1.3427734,1.953125,-0.61035156,0.0,0.0,0.0,-44.890137,75.16846,56.75537
2026-02-19 23:07:26.777,1771513646777,1771513646777,-0.9682617,-0.17871094,0.18066406,0.79345703,1.5869141,-0.36621094,0.0,0.0,0.0,-45.368042,75.250854,56.14563
2026-02-19 23:07:26.877,1771513646877,1771513646877,-0.9658203,-0.17822266,0.1743164,1.0986328,0.9765625,-0.4272461,0.0,0.0,0.0,-45.637207,75.28931,55.717163
2026-02-19 23:07:26.977,1771513646977,1771513646977,-0.96875,-0.1796875,0.17382812,0.36621094,1.8310547,-0.30517578,0.0,0.0,0.0,-46.016235,75.355225,55.22278
2026-02-19 23:07:27.077,1771513647077,1771513647077,-0.9692383,-0.1796875,0.16894531,0.48828125,1.159668,-0.5493164,0.0,0.0,0.0,-46.472168,75.41016,54.624023
2026-02-19 23:07:27.176,1771513647176,1771513647176,-0.9667969,-0.1772461,0.18066406,1.2207031,1.6479492,-0.5493164,0.0,0.0,0.0,-46.922607,75.46509,54.019775
2026-02-19 23:07:27.275,1771513647275,1771513647275,-0.96728516,-0.1796875,0.16210938,0.91552734,2.319336,-0.4272461,0.0,0.0,0.0,-47.125854,75.48706,53.728638
2026-02-19 23:07:27.375,1771513647375,1771513647375,-0.9692383,-0.18310547,0.16552734,-0.12207031,1.6479492,-0.061035156,0.0,0.0,0.0,-47.697144,75.596924,53.047485
2026-02-19 23:07:27.475,1771513647475,1771513647475,-0.96972656,-0.18310547,0.16455078,-0.24414062,1.5258789,-0.061035156,0.0,0.0,0.0,-48.136597,75.67932,52.525635
2026-02-19 23:07:27.575,1771513647575,1771513647575,-0.9692383,-0.18164062,0.15722656,0.0,0.79345703,-0.061035156,0.0,0.0,0.0,-48.444214,75.739746,52.174072
2026-02-19 23:07:27.675,1771513647675,1771513647675,-0.9707031,-0.18261719,0.15771484,-0.30517578,0.0,0.0,0.0,0.0,0.0,-48.52112,75.76172,52.08618
2026-02-19 23:07:27.774,1771513647774,1771513647774,-0.96972656,-0.1821289,0.16064453,-0.061035156,-0.5493164,0.0,0.0,0.0,0.0,-48.515625,75.756226,52.075195
2026-02-19 23:07:27.874,1771513647874,1771513647874,-0.9707031,-0.18261719,0.16064453,-0.18310547,-0.79345703,0.0,0.0,0.0,0.0,-48.35083,75.71228,52.234497
2026-02-19 23:07:27.974,1771513647974,1771513647974,-0.96972656,-0.18261719,0.1665039,-0.36621094,-0.9765625,0.0,0.0,0.0,0.0,-48.164062,75.668335,52.443237
2026-02-19 23:07:28.073,1771513648073,1771513648073,-0.9711914,-0.18261719,0.1665039,-0.24414062,-1.0986328,0.0,0.0,0.0,0.0,-47.790527,75.58594,52.805786
2026-02-19 23:07:28.173,1771513648173,1771513648173,-0.9682617,-0.18017578,0.16748047,-0.061035156,-0.61035156,0.0,0.0,0.0,0.0,-47.526855,75.51453,53.135376
2026-02-19 23:07:28.273,1771513648273,1771513648273,-0.9692383,-0.1821289,0.16992188,0.061035156,-0.7324219,0.061035156,0.0,0.0,0.0,-47.25769,75.47058,53.442993
2026-02-19 23:07:28.372,1771513648372,1771513648372,-0.9658203,-0.18066406,0.17138672,0.061035156,0.12207031,0.0,0.0,0.0,0.0,-46.94458,75.41565,53.811035
2026-02-19 23:07:28.473,1771513648473,1771513648473,-0.9692383,-0.18066406,0.16503906,-0.30517578,-0.4272461,0.0,0.0,0.0,0.0,-46.73584,75.38269,54.085693
2026-02-19 23:07:28.572,1771513648572,1771513648572,-0.96972656,-0.18164062,0.17382812,-0.91552734,-0.6713867,0.30517578,0.0,0.0,0.0,-46.66992,75.36621,54.21753
2026-02-19 23:07:28.672,1771513648672,1771513648672,-0.96777344,-0.18164062,0.17089844,-0.91552734,-0.4272461,0.24414062,0.0,0.0,0.0,-46.47766,75.34424,54.49768
2026-02-19 23:07:28.771,1771513648771,1771513648771,-0.96728516,-0.1821289,0.17333984,-1.3427734,-0.12207031,0.30517578,0.0,0.0,0.0,-46.428223,75.338745,54.65149
2026-02-19 23:07:28.871,1771513648871,1771513648871,-0.9682617,-0.18164062,0.17529297,-1.2817383,-0.30517578,0.30517578,0.0,0.0,0.0,-46.323853,75.322266,54.838257
2026-02-19 23:07:28.971,1771513648971,1771513648971,-0.9692383,-0.18066406,0.18066406,-0.5493164,-0.12207031,0.24414062,0.0,0.0,0.0,-46.224976,75.31128,54.98108
2026-02-19 23:07:29.070,1771513649070,1771513649070,-0.96875,-0.1821289,0.16503906,-1.159668,-0.4272461,0.48828125,0.0,0.0,0.0,-45.85144,75.25635,55.442505
2026-02-19 23:07:29.170,1771513649170,1771513649170,-0.96875,-0.18261719,0.17529297,-0.61035156,-1.159668,0.36621094,0.0,0.0,0.0,-45.81848,75.26184,55.464478
2026-02-19 23:07:29.270,1771513649270,1771513649270,-0.96533203,-0.17871094,0.17626953,0.18310547,0.0,0.12207031,0.0,0.0,0.0,-45.58777,75.22888,55.739136
2026-02-19 23:07:29.370,1771513649370,1771513649370,-0.9692383,-0.18115234,0.17138672,-0.7324219,-0.79345703,0.30517578,0.0,0.0,0.0,-45.444946,75.2124,55.88745
2026-02-19 23:07:29.469,1771513649469,1771513649469,-0.9663086,-0.18017578,0.18017578,-0.30517578,-0.18310547,0.061035156,0.0,0.0,0.0,-45.43396,75.20691,55.892944
2026-02-19 23:07:29.569,1771513649569,1771513649569,-0.9667969,-0.17919922,0.1796875,0.18310547,-0.24414062,-0.12207031,0.0,0.0,0.0,-45.340576,75.17944,55.97534
2026-02-19 23:07:29.669,1771513649669,1771513649669,-0.9682617,-0.18164062,0.1772461,0.061035156,0.0,-0.061035156,0.0,0.0,0.0,-45.269165,75.162964,56.02478
2026-02-19 23:07:29.769,1771513649769,1771513649769,-0.9682617,-0.18164062,0.17578125,0.061035156,0.0,0.0,0.0,0.0,0.0,-45.28015,75.162964,55.99182
2026-02-19 23:07:29.868,1771513649868,1771513649868,-0.96435547,-0.18457031,0.17333984,-0.12207031,0.24414062,-0.12207031,0.0,0.0,0.0,-45.32959,75.162964,55.909424
2026-02-19 23:07:29.968,1771513649968,1771513649968,-0.97265625,-0.18164062,0.1743164,-0.36621094,-1.2817383,0.30517578,0.0,0.0,0.0,-45.252686,75.15198,55.95337
2026-02-19 23:07:30.068,1771513650068,1771513650068,-0.96533203,-0.17871094,0.1875,1.0986328,0.79345703,-0.30517578,0.0,0.0,0.0,-45.395508,75.18494,55.750122
2026-02-19 23:07:30.168,1771513650168,1771513650168,-0.96728516,-0.17871094,0.17626953,-0.12207031,0.4272461,0.0,0.0,0.0,0.0,-45.285645,75.16846,55.859985
2026-02-19 23:07:30.268,1771513650268,1771513650268,-0.9692383,-0.1821289,0.1743164,-0.30517578,-0.4272461,0.12207031,0.0,0.0,0.0,-45.291138,75.16846,55.805054
2026-02-19 23:07:30.367,1771513650367,1771513650367,-0.9658203,-0.17919922,0.18164062,0.30517578,0.30517578,-0.061035156,0.0,0.0,0.0,-45.444946,75.19592,55.596313
2026-02-19 23:07:30.467,1771513650467,1771513650467,-0.96875,-0.17871094,0.17529297,0.48828125,0.24414062,-0.12207031,0.0,0.0,0.0,-45.401,75.18494,55.596313
2026-02-19 23:07:30.567,1771513650567,1771513650567,-0.96875,-0.1821289,0.17626953,0.36621094,0.24414062,-0.12207031,0.0,0.0,0.0,-45.428467,75.19592,55.491943
2026-02-19 23:07:30.666,1771513650666,1771513650666,-0.9682617,-0.18115234,0.1772461,0.6713867,0.36621094,-0.18310547,0.0,0.0,0.0,-45.48889,75.201416,55.371094
2026-02-19 23:07:30.766,1771513650766,1771513650766,-0.96728516,-0.1772461,0.18164062,2.319336,0.24414062,-0.36621094,0.0,0.0,0.0,-45.510864,75.2124,55.239258
2026-02-19 23:07:30.866,1771513650866,1771513650866,-0.9658203,-0.17822266,0.1821289,0.8544922,0.48828125,-0.18310547,0.0,0.0,0.0,-45.4834,75.201416,55.079956
2026-02-19 23:07:30.965,1771513650965,1771513650965,-0.9707031,-0.17773438,0.17480469,1.5258789,1.5869141,-0.4272461,0.0,0.0,0.0,-45.472412,75.217896,55.03601
2026-02-19 23:07:31.065,1771513651065,1771513651065,-0.9716797,-0.1821289,0.17333984,0.18310547,0.8544922,-0.061035156,0.0,0.0,0.0,-45.736084,75.27832,54.662476
2026-02-19 23:07:31.165,1771513651165,1771513651165,-0.9682617,-0.18164062,0.1743164,0.79345703,1.6479492,-0.30517578,0.0,0.0,0.0,-46.14258,75.36072,54.173584
2026-02-19 23:07:31.265,1771513651265,1771513651265,-0.96777344,-0.17919922,0.16699219,1.0986328,1.7700195,-0.5493164,0.0,0.0,0.0,-46.516113,75.42114,53.70117
2026-02-19 23:07:31.364,1771513651364,1771513651364,-0.9692383,-0.18017578,0.17382812,0.48828125,0.0,0.0,0.0,0.0,0.0,-46.724854,75.459595,53.399048
2026-02-19 23:07:31.464,1771513651464,1771513651464,-0.9692383,-0.18457031,0.16064453,0.61035156,-1.5258789,0.061035156,0.0,0.0,0.0,-46.208496,75.355225,53.761597
2026-02-19 23:07:31.564,1771513651564,1771513651564,-0.96728516,-0.18017578,0.17529297,0.91552734,0.7324219,-0.30517578,0.0,0.0,0.0,-46.279907,75.371704,53.62976
2026-02-19 23:07:31.664,1771513651664,1771513651664,-0.96777344,-0.17871094,0.17285156,0.0,1.4648438,-0.24414062,0.0,0.0,0.0,-46.576538,75.41016,53.31665
2026-02-19 23:07:31.763,1771513651763,1771513651763,-0.9736328,-0.18066406,0.1694336,-0.5493164,0.7324219,-0.24414062,0.0,0.0,0.0,-46.933594,75.4541,52.84973
2026-02-19 23:07:31.864,1771513651864,1771513651864,-0.9663086,-0.18066406,0.16601562,0.8544922,2.9907227,-0.48828125,0.0,0.0,0.0,-47.44995,75.547485,52.300415
2026-02-19 23:07:31.963,1771513651963,1771513651963,-0.96777344,-0.1821289,0.16455078,0.061035156,1.5258789,-0.30517578,0.0,0.0,0.0,-48.10913,75.65735,51.54785
2026-02-19 23:07:32.063,1771513652063,1771513652063,-0.97021484,-0.18164062,0.16308594,0.36621094,1.5869141,-0.30517578,0.0,0.0,0.0,-48.603516,75.72876,50.949097
2026-02-19 23:07:32.162,1771513652162,1771513652162,-0.96777344,-0.1821289,0.1586914,0.18310547,1.6479492,-0.36621094,0.0,0.0,0.0,-49.0979,75.79468,50.36682
2026-02-19 23:07:32.262,1771513652262,1771513652262,-0.9707031,-0.18310547,0.1586914,-0.12207031,0.5493164,-0.18310547,0.0,0.0,0.0,-49.438477,75.83313,49.9823
2026-02-19 23:07:32.362,1771513652362,1771513652362,-0.9692383,-0.18310547,0.15771484,0.0,-0.18310547,-0.061035156,0.0,0.0,0.0,-49.47693,75.83313,49.89441
2026-02-19 23:07:32.462,1771513652462,1771513652462,-0.97021484,-0.1850586,0.15673828,0.12207031,0.30517578,-0.061035156,0.0,0.0,0.0,-49.49341,75.83862,49.866943
2026-02-19 23:07:32.561,1771513652561,1771513652561,-0.9667969,-0.18603516,0.15722656,0.91552734,-0.4272461,-0.12207031,0.0,0.0,0.0,-49.389038,75.81665,49.96582
2026-02-19 23:07:32.661,1771513652661,1771513652661,-0.9736328,-0.1850586,0.14941406,-1.2207031,-1.2207031,0.4272461,0.0,0.0,0.0,-49.053955,75.756226,50.333862
2026-02-19 23:07:32.761,1771513652761,1771513652761,-0.9707031,-0.18408203,0.16015625,-0.24414062,-0.8544922,0.12207031,0.0,0.0,0.0,-48.92212,75.72876,50.493164
2026-02-19 23:07:32.861,1771513652861,1771513652861,-0.9682617,-0.18261719,0.1616211,-0.36621094,-0.91552734,0.24414062,0.0,0.0,0.0,-48.6969,75.701294,50.756836
2026-02-19 23:07:32.960,1771513652960,1771513652960,-0.9711914,-0.18310547,0.16113281,-0.4272461,-0.4272461,0.18310547,0.0,0.0,0.0,-48.493652,75.67932,51.031494
2026-02-19 23:07:33.060,1771513653060,1771513653060,-0.96875,-0.18310547,0.16357422,-0.91552734,-0.061035156,0.18310547,0.0,0.0,0.0,-48.449707,75.67383,51.14685
2026-02-19 23:07:33.160,1771513653160,1771513653160,-0.96875,-0.18164062,0.16308594,-1.0375977,-0.6713867,0.36621094,0.0,0.0,0.0,-48.35083,75.65735,51.350098
2026-02-19 23:07:33.259,1771513653259,1771513653259,-0.97021484,-0.18359375,0.16210938,-0.8544922,-0.36621094,0.24414062,0.0,0.0,0.0,-48.164062,75.64087,51.63025
2026-02-19 23:07:33.359,1771513653359,1771513653359,-0.97021484,-0.18164062,0.16357422,-0.9765625,-0.24414062,0.24414062,0.0,0.0,0.0,-48.081665,75.635376,51.833496
2026-02-19 23:07:33.459,1771513653459,1771513653459,-0.9707031,-0.18261719,0.16552734,-0.36621094,-0.8544922,0.12207031,0.0,0.0,0.0,-47.993774,75.62988,52.009277
2026-02-19 23:07:33.559,1771513653559,1771513653559,-0.96875,-0.18261719,0.17285156,-0.12207031,-0.5493164,-0.061035156,0.0,0.0,0.0,-47.839966,75.58594,52.20703
2026-02-19 23:07:33.658,1771513653658,1771513653658,-0.9692383,-0.18066406,0.16015625,-1.0986328,-0.8544922,0.48828125,0.0,0.0,0.0,-47.400513,75.51453,52.74536
2026-02-19 23:07:33.758,1771513653758,1771513653758,-0.9711914,-0.18554688,0.16601562,-0.6713867,-1.4038086,0.4272461,0.0,0.0,0.0,-47.24121,75.49805,52.888184
2026-02-19 23:07:33.858,1771513653858,1771513653858,-0.9667969,-0.18115234,0.17138672,0.30517578,-0.36621094,0.0,0.0,0.0,0.0,-47.010498,75.46509,53.146362
2026-02-19 23:07:33.957,1771513653957,1771513653957,-0.96972656,-0.18164062,0.16455078,-0.12207031,-0.48828125,0.12207031,0.0,0.0,0.0,-46.708374,75.426636,53.514404
2026-02-19 23:07:34.057,1771513654057,1771513654057,-0.9707031,-0.18164062,0.1743164,-0.24414062,-0.8544922,0.18310547,0.0,0.0,0.0,-46.56006,75.40466,53.6792
2026-02-19 23:07:34.157,1771513654157,1771513654157,-0.9682617,-0.18017578,0.17236328,0.18310547,-0.24414062,-0.061035156,0.0,0.0,0.0,-46.367798,75.355225,53.865967
2026-02-19 23:07:34.257,1771513654257,1771513654257,-0.9692383,-0.18066406,0.17382812,0.0,-0.4272461,0.0,0.0,0.0,0.0,-46.208496,75.31677,54.003296
2026-02-19 23:07:34.356,1771513654356,1771513654356,-0.9682617,-0.18115234,0.17578125,-0.24414062,0.0,0.0,0.0,0.0,0.0,-46.1261,75.30029,54.074707
2026-02-19 23:07:34.456,1771513654456,1771513654456,-0.96972656,-0.18066406,0.17871094,0.061035156,0.18310547,0.0,0.0,0.0,0.0,-46.071167,75.27283,54.091187
2026-02-19 23:07:34.556,1771513654556,1771513654556,-0.9692383,-0.1821289,0.1640625,-0.61035156,-0.5493164,0.36621094,0.0,0.0,0.0,-45.769043,75.22888,54.40979
2026-02-19 23:07:34.656,1771513654656,1771513654656,-0.9692383,-0.18310547,0.17529297,-0.24414062,-0.4272461,0.24414062,0.0,0.0,0.0,-45.86792,75.250854,54.23401
2026-02-19 23:07:34.755,1771513654755,1771513654755,-0.9667969,-0.17871094,0.17871094,0.6713867,0.5493164,-0.12207031,0.0,0.0,0.0,-45.90088,75.267334,54.179077
2026-02-19 23:07:34.855,1771513654855,1771513654855,-0.9692383,-0.18164062,0.17041016,0.12207031,0.5493164,0.0,0.0,0.0,0.0,-45.86792,75.267334,54.173584
2026-02-19 23:07:34.955,1771513654955,1771513654955,-0.96777344,-0.18017578,0.17822266,-0.24414062,-0.4272461,0.061035156,0.0,0.0,0.0,-45.950317,75.28381,54.052734
2026-02-19 23:07:35.055,1771513655055,1771513655055,-0.9682617,-0.18066406,0.17675781,0.8544922,0.36621094,-0.18310547,0.0,0.0,0.0,-45.92285,75.27283,54.003296
2026-02-19 23:07:35.154,1771513655154,1771513655154,-0.97021484,-0.18115234,0.17089844,1.2817383,1.3427734,-0.36621094,0.0,0.0,0.0,-46.082153,75.31128,53.706665
2026-02-19 23:07:35.254,1771513655254,1771513655254,-0.97021484,-0.18261719,0.17089844,1.3427734,1.7089844,-0.61035156,0.0,0.0,0.0,-46.521606,75.3772,53.118896
2026-02-19 23:07:35.354,1771513655354,1771513655354,-0.96484375,-0.18066406,0.17529297,1.0375977,0.18310547,-0.061035156,0.0,0.0,0.0,-46.71936,75.40466,52.767334
2026-02-19 23:07:35.453,1771513655453,1771513655453,-0.9716797,-0.18115234,0.15771484,0.12207031,0.30517578,0.0,0.0,0.0,0.0,-46.51062,75.38269,52.91565
2026-02-19 23:07:35.553,1771513655553,1771513655553,-0.96972656,-0.18261719,0.17236328,0.6713867,0.6713867,-0.061035156,0.0,0.0,0.0,-46.845703,75.4541,52.43225
2026-02-19 23:07:35.653,1771513655653,1771513655653,-0.96777344,-0.18261719,0.16894531,1.3427734,2.0141602,-0.30517578,0.0,0.0,0.0,-47.08191,75.51453,52.113647
2026-02-19 23:07:35.753,1771513655753,1771513655753,-0.97021484,-0.18261719,0.16015625,0.5493164,1.6479492,-0.48828125,0.0,0.0,0.0,-47.42798,75.55847,51.6687
2026-02-19 23:07:35.852,1771513655852,1771513655852,-0.97021484,-0.18261719,0.16455078,-0.061035156,1.3427734,-0.18310547,0.0,0.0,0.0,-47.955322,75.64087,51.036987
2026-02-19 23:07:35.952,1771513655952,1771513655952,-0.97021484,-0.1821289,0.16210938,0.8544922,1.8310547,-0.6713867,0.0,0.0,0.0,-48.466187,75.701294,50.427246
2026-02-19 23:07:36.052,1771513656052,1771513656052,-0.9707031,-0.18359375,0.15673828,0.36621094,1.8310547,-0.48828125,0.0,0.0,0.0,-49.02649,75.772705,49.7406
2026-02-19 23:07:36.151,1771513656151,1771513656151,-0.9692383,-0.1850586,0.15966797,0.061035156,0.91552734,-0.24414062,0.0,0.0,0.0,-49.559326,75.83313,49.103394
2026-02-19 23:07:36.251,1771513656251,1771513656251,-0.9736328,-0.18310547,0.15673828,-0.4272461,0.7324219,-0.18310547,0.0,0.0,0.0,-49.839478,75.8551,48.6969
2026-02-19 23:07:36.351,1771513656351,1771513656351,-0.9707031,-0.18408203,0.15722656,-0.061035156,0.7324219,0.0,0.0,0.0,0.0,-50.15808,75.89905,48.30139
2026-02-19 23:07:36.451,1771513656451,1771513656451,-0.9692383,-0.18457031,0.15576172,0.0,0.24414062,0.0,0.0,0.0,0.0,-50.234985,75.92102,48.17505
2026-02-19 23:07:36.550,1771513656550,1771513656550,-0.9746094,-0.18457031,0.15136719,-0.12207031,-0.24414062,0.061035156,0.0,0.0,0.0,-50.196533,75.92102,48.186035
2026-02-19 23:07:36.650,1771513656650,1771513656650,-0.96875,-0.18408203,0.15576172,-0.30517578,-0.79345703,0.12207031,0.0,0.0,0.0,-50.097656,75.90454,48.284912
2026-02-19 23:07:36.750,1771513656750,1771513656750,-0.9692383,-0.18164062,0.15771484,0.061035156,-1.2207031,0.0,0.0,0.0,0.0,-49.729614,75.84412,48.691406
2026-02-19 23:07:36.850,1771513656850,1771513656850,-0.9716797,-0.18408203,0.15673828,-0.6713867,-1.5258789,0.0,0.0,0.0,0.0,-49.21875,75.74524,49.229736
2026-02-19 23:07:36.949,1771513656949,1771513656949,-0.9716797,-0.18603516,0.15771484,-0.48828125,-1.5258789,0.0,0.0,0.0,0.0,-48.894653,75.67383,49.59778
2026-02-19 23:07:37.049,1771513657049,1771513657049,-0.9682617,-0.18652344,0.16259766,-0.061035156,-0.91552734,0.0,0.0,0.0,0.0,-48.598022,75.60791,49.938354
2026-02-19 23:07:37.150,1771513657150,1771513657150,-0.9746094,-0.18603516,0.15820312,-1.2207031,-2.319336,0.48828125,0.0,0.0,0.0,-48.202515,75.52002,50.36682
2026-02-19 23:07:37.249,1771513657249,1771513657249,-0.96777344,-0.18359375,0.171875,0.18310547,-0.5493164,0.18310547,0.0,0.0,0.0,-47.889404,75.48157,50.76233
2026-02-19 23:07:37.348,1771513657348,1771513657348,-0.9667969,-0.18261719,0.16357422,-0.8544922,-1.4038086,0.48828125,0.0,0.0,0.0,-47.406006,75.42114,51.30066
2026-02-19 23:07:37.448,1771513657448,1771513657448,-0.9711914,-0.18408203,0.16894531,-1.4038086,-1.7700195,0.61035156,0.0,0.0,0.0,-47.164307,75.39368,51.608276
2026-02-19 23:07:37.548,1771513657548,1771513657548,-0.9667969,-0.18164062,0.17480469,-0.30517578,-0.12207031,0.0,0.0,0.0,0.0,-46.933594,75.34973,51.94336
2026-02-19 23:07:37.647,1771513657647,1771513657647,-0.96728516,-0.18164062,0.17138672,-0.8544922,-0.9765625,0.30517578,0.0,0.0,0.0,-46.68091,75.305786,52.250977
2026-02-19 23:07:37.748,1771513657748,1771513657748,-0.9692383,-0.18359375,0.17236328,-0.36621094,-1.0986328,0.061035156,0.0,0.0,0.0,-46.444702,75.26184,52.52014
2026-02-19 23:07:37.847,1771513657847,1771513657847,-0.9692383,-0.18261719,0.17236328,-0.18310547,-0.91552734,0.30517578,0.0,0.0,0.0,-46.159058,75.2124,52.84424
2026-02-19 23:07:37.947,1771513657947,1771513657947,-0.96484375,-0.18652344,0.17236328,-0.4272461,-0.48828125,0.12207031,0.0,0.0,0.0,-45.961304,75.19592,53.07495
2026-02-19 23:07:38.047,1771513658047,1771513658047,-0.9736328,-0.18066406,0.1772461,-0.24414062,-1.4648438,0.24414062,0.0,0.0,0.0,-45.86792,75.17944,53.17383
2026-02-19 23:07:38.146,1771513658146,1771513658146,-0.9658203,-0.17871094,0.1772461,0.79345703,0.8544922,-0.24414062,0.0,0.0,0.0,-45.565796,75.1355,53.52539
2026-02-19 23:07:38.246,1771513658246,1771513658246,-0.96972656,-0.18066406,0.17480469,-0.6713867,-0.79345703,0.24414062,0.0,0.0,0.0,-45.422974,75.113525,53.640747
2026-02-19 23:07:38.346,1771513658346,1771513658346,-0.9682617,-0.1821289,0.18017578,0.061035156,-0.18310547,0.0,0.0,0.0,0.0,-45.401,75.10803,53.602295
2026-02-19 23:07:38.445,1771513658445,1771513658445,-0.96728516,-0.18115234,0.17480469,0.48828125,0.18310547,-0.12207031,0.0,0.0,0.0,-45.269165,75.08606,53.745117
2026-02-19 23:07:38.545,1771513658545,1771513658545,-0.96777344,-0.1821289,0.18017578,0.0,-1.0375977,0.061035156,0.0,0.0,0.0,-45.08789,75.04761,53.898926
2026-02-19 23:07:38.645,1771513658645,1771513658645,-0.9682617,-0.18017578,0.18310547,0.30517578,-0.4272461,0.0,0.0,0.0,0.0,-44.95056,75.02014,53.997803
2026-02-19 23:07:38.744,1771513658744,1771513658744,-0.96777344,-0.18017578,0.18408203,0.5493164,0.30517578,-0.18310547,0.0,0.0,0.0,-44.923096,75.009155,53.99231
2026-02-19 23:07:38.844,1771513658844,1771513658844,-0.9667969,-0.18115234,0.18408203,0.8544922,0.4272461,-0.36621094,0.0,0.0,0.0,-44.939575,75.01465,53.92639
2026-02-19 23:07:38.944,1771513658944,1771513658944,-0.96875,-0.18017578,0.18554688,0.18310547,-0.18310547,-0.061035156,0.0,0.0,0.0,-44.978027,75.01465,53.827515
2026-02-19 23:07:39.044,1771513659044,1771513659044,-0.96484375,-0.1772461,0.1850586,1.8310547,1.8310547,-0.61035156,0.0,0.0,0.0,-45.043945,75.03113,53.684692
2026-02-19 23:07:39.144,1771513659144,1771513659144,-0.97021484,-0.18066406,0.17578125,0.91552734,1.8310547,-0.36621094,0.0,0.0,0.0,-45.340576,75.097046,53.250732
2026-02-19 23:07:39.243,1771513659243,1771513659243,-0.96972656,-0.18164062,0.1772461,1.2207031,2.0141602,-0.61035156,0.0,0.0,0.0,-45.807495,75.17944,52.61902
2026-02-19 23:07:39.343,1771513659343,1771513659343,-0.9682617,-0.18066406,0.16796875,1.2817383,2.746582,-0.79345703,0.0,0.0,0.0,-46.312866,75.24536,51.965332
2026-02-19 23:07:39.443,1771513659443,1771513659443,-0.9692383,-0.18310547,0.16992188,0.36621094,0.7324219,-0.30517578,0.0,0.0,0.0,-46.796265,75.31677,51.30066
2026-02-19 23:07:39.542,1771513659542,1771513659542,-0.96972656,-0.18408203,0.16796875,1.0986328,1.8310547,-0.5493164,0.0,0.0,0.0,-47.25769,75.3772,50.65796
2026-02-19 23:07:39.642,1771513659642,1771513659642,-0.9707031,-0.18603516,0.16259766,0.9765625,1.2207031,-0.48828125,0.0,0.0,0.0,-47.642212,75.426636,50.092163
2026-02-19 23:07:39.742,1771513659742,1771513659742,-0.9638672,-0.18847656,0.1616211,1.159668,1.0986328,-0.5493164,0.0,0.0,0.0,-47.999268,75.46509,49.586792
2026-02-19 23:07:39.842,1771513659842,1771513659842,-0.9711914,-0.18798828,0.15673828,-0.48828125,1.0375977,-0.18310547,0.0,0.0,0.0,-48.51013,75.531006,48.933105
2026-02-19 23:07:39.941,1771513659941,1771513659941,-0.9711914,-0.18603516,0.1640625,0.48828125,1.8310547,-0.30517578,0.0,0.0,0.0,-49.25171,75.64636,48.0542
2026-02-19 23:07:40.041,1771513660041,1771513660041,-0.9658203,-0.18554688,0.15576172,0.6713867,1.953125,-0.36621094,0.0,0.0,0.0,-49.7406,75.72327,47.46643
2026-02-19 23:07:40.141,1771513660141,1771513660141,-0.9760742,-0.18701172,0.15136719,0.18310547,1.159668,-0.12207031,0.0,0.0,0.0,-50.267944,75.805664,46.829224
2026-02-19 23:07:40.241,1771513660241,1771513660241,-0.96728516,-0.18554688,0.15478516,0.0,0.91552734,-0.12207031,0.0,0.0,0.0,-50.646973,75.860596,46.37329
2026-02-19 23:07:40.340,1771513660340,1771513660340,-0.9692383,-0.18359375,0.15283203,-0.12207031,-0.24414062,0.0,0.0,0.0,0.0,-50.65796,75.8551,46.340332
2026-02-19 23:07:40.440,1771513660440,1771513660440,-0.9692383,-0.18603516,0.15527344,-0.36621094,-0.4272461,0.061035156,0.0,0.0,0.0,-50.52063,75.83313,46.417236
2026-02-19 23:07:40.540,1771513660540,1771513660540,-0.9692383,-0.18603516,0.15576172,-0.24414062,-1.3427734,0.0,0.0,0.0,0.0,-50.218506,75.7782,46.713867
2026-02-19 23:07:40.639,1771513660639,1771513660639,-0.9682617,-0.18457031,0.16015625,0.24414062,-0.8544922,0.061035156,0.0,0.0,0.0,-49.75708,75.6958,47.18628
2026-02-19 23:07:40.739,1771513660739,1771513660739,-0.96972656,-0.18847656,0.1508789,-0.24414062,-1.4648438,0.24414062,0.0,0.0,0.0,-49.279175,75.60791,47.702637
2026-02-19 23:07:40.839,1771513660839,1771513660839,-0.96972656,-0.18652344,0.16259766,-0.5493164,-1.953125,0.36621094,0.0,0.0,0.0,-48.927612,75.547485,48.08716
2026-02-19 23:07:40.939,1771513660939,1771513660939,-0.97021484,-0.18701172,0.16455078,-0.061035156,-0.79345703,0.12207031,0.0,0.0,0.0,-48.52661,75.48157,48.537598
2026-02-19 23:07:41.038,1771513661038,1771513661038,-0.96972656,-0.1875,0.15722656,-0.5493164,-1.5869141,0.30517578,0.0,0.0,0.0,-48.065186,75.40466,49.05945
2026-02-19 23:07:41.139,1771513661139,1771513661139,-0.96777344,-0.18603516,0.17138672,-0.7324219,-1.3427734,0.30517578,0.0,0.0,0.0,-47.839966,75.36072,49.328613
2026-02-19 23:07:41.238,1771513661238,1771513661238,-0.9682617,-0.18457031,0.16894531,-0.5493164,-1.4038086,0.24414062,0.0,0.0,0.0,-47.36206,75.27283,49.89441
2026-02-19 23:07:41.337,1771513661337,1771513661337,-0.9682617,-0.1850586,0.171875,-0.91552734,-1.2207031,0.30517578,0.0,0.0,0.0,-47.037964,75.20691,50.273438
2026-02-19 23:07:41.437,1771513661437,1771513661437,-0.9682617,-0.18652344,0.17236328,-0.4272461,-0.36621094,0.24414062,0.0,0.0,0.0,-46.79077,75.16846,50.597534
2026-02-19 23:07:41.537,1771513661537,1771513661537,-0.9638672,-0.18603516,0.17285156,-1.159668,-0.4272461,0.5493164,0.0,0.0,0.0,-46.620483,75.15747,50.844727
2026-02-19 23:07:41.637,1771513661637,1771513661637,-0.97216797,-0.18701172,0.16455078,-2.5024414,-2.5634766,1.2817383,0.0,0.0,0.0,-46.263428,75.12451,51.311646
2026-02-19 23:07:41.736,1771513661736,1771513661736,-0.9667969,-0.1821289,0.18115234,0.0,0.0,0.30517578,0.0,0.0,0.0,-46.06018,75.1355,51.65222
2026-02-19 23:07:41.836,1771513661836,1771513661836,-0.9667969,-0.18066406,0.17529297,-0.6713867,-0.91552734,0.61035156,0.0,0.0,0.0,-45.648193,75.097046,52.1521
2026-02-19 23:07:41.936,1771513661936,1771513661936,-0.9716797,-0.18359375,0.17773438,-0.91552734,-1.0375977,0.48828125,0.0,0.0,0.0,-45.4834,75.08606,52.338867
2026-02-19 23:07:42.036,1771513662036,1771513662036,-0.9663086,-0.18017578,0.1821289,0.30517578,0.24414062,-0.12207031,0.0,0.0,0.0,-45.340576,75.06409,52.525635
2026-02-19 23:07:42.135,1771513662135,1771513662135,-0.96533203,-0.1821289,0.17675781,-0.36621094,-1.0986328,0.061035156,0.0,0.0,0.0,-45.093384,75.009155,52.772827
2026-02-19 23:07:42.235,1771513662235,1771513662235,-0.96777344,-0.1821289,0.18261719,0.061035156,-0.4272461,-0.061035156,0.0,0.0,0.0,-44.989014,74.9707,52.860718
2026-02-19 23:07:42.335,1771513662335,1771513662335,-0.9667969,-0.18408203,0.17871094,0.0,-0.18310547,0.0,0.0,0.0,0.0,-44.884644,74.94873,52.93213
2026-02-19 23:07:42.435,1771513662435,1771513662435,-0.9628906,-0.18457031,0.17626953,0.0,-0.061035156,-0.061035156,0.0,0.0,0.0,-44.84619,74.93225,52.943115
2026-02-19 23:07:42.535,1771513662535,1771513662535,-0.96875,-0.18261719,0.18554688,0.061035156,-0.4272461,0.0,0.0,0.0,0.0,-44.84619,74.93225,52.888184
2026-02-19 23:07:42.634,1771513662634,1771513662634,-0.9638672,-0.17822266,0.18896484,1.0986328,1.3427734,-0.30517578,0.0,0.0,0.0,-44.873657,74.95422,52.84973
2026-02-19 23:07:42.734,1771513662734,1771513662734,-0.96728516,-0.18017578,0.18017578,-0.4272461,0.18310547,0.12207031,0.0,0.0,0.0,-44.84619,74.95422,52.84973
2026-02-19 23:07:42.833,1771513662833,1771513662833,-0.9682617,-0.18261719,0.1796875,-0.061035156,0.12207031,0.061035156,0.0,0.0,0.0,-44.917603,74.98169,52.701416
2026-02-19 23:07:42.933,1771513662933,1771513662933,-0.9667969,-0.18066406,0.17822266,0.79345703,1.4648438,-0.30517578,0.0,0.0,0.0,-45.186768,75.025635,52.338867
2026-02-19 23:07:43.033,1771513663033,1771513663033,-0.9692383,-0.18359375,0.17480469,0.91552734,2.0141602,-0.36621094,0.0,0.0,0.0,-45.615234,75.113525,51.77307
2026-02-19 23:07:43.133,1771513663133,1771513663133,-0.9682617,-0.1850586,0.17138672,1.2207031,1.8920898,-0.61035156,0.0,0.0,0.0,-46.14807,75.201416,51.036987
2026-02-19 23:07:43.232,1771513663232,1771513663232,-0.9692383,-0.18261719,0.16992188,1.2817383,1.5258789,-0.4272461,0.0,0.0,0.0,-46.636963,75.28381,50.36682
2026-02-19 23:07:43.332,1771513663332,1771513663332,-0.96728516,-0.18408203,0.16699219,1.3427734,1.3427734,-0.48828125,0.0,0.0,0.0,-47.03247,75.36621,49.822998
2026-02-19 23:07:43.432,1771513663432,1771513663432,-0.97216797,-0.18554688,0.16699219,-0.6713867,0.91552734,-0.061035156,0.0,0.0,0.0,-47.5708,75.44861,49.13086
2026-02-19 23:07:43.532,1771513663532,1771513663532,-0.96972656,-0.18164062,0.16845703,0.9765625,2.6245117,-0.5493164,0.0,0.0,0.0,-48.273926,75.55847,48.30139
2026-02-19 23:07:43.631,1771513663631,1771513663631,-0.9711914,-0.18261719,0.1616211,0.7324219,2.5024414,-0.61035156,0.0,0.0,0.0,-49.01001,75.668335,47.438965
2026-02-19 23:07:43.731,1771513663731,1771513663731,-0.97314453,-0.18701172,0.15917969,0.61035156,2.5024414,-0.48828125,0.0,0.0,0.0,-49.80652,75.78369,46.483154
2026-02-19 23:07:43.831,1771513663831,1771513663831,-0.96875,-0.1875,0.15185547,0.6713867,3.479004,-0.7324219,0.0,0.0,0.0,-50.707397,75.90454,45.444946
2026-02-19 23:07:43.931,1771513663931,1771513663931,-0.9707031,-0.18554688,0.14990234,0.24414062,1.5258789,-0.24414062,0.0,0.0,0.0,-51.71814,76.03638,44.28589
2026-02-19 23:07:44.030,1771513664030,1771513664030,-0.9711914,-0.18798828,0.14550781,0.7324219,2.746582,-0.48828125,0.0,0.0,0.0,-52.426758,76.14624,43.423462
2026-02-19 23:07:44.130,1771513664130,1771513664130,-0.9716797,-0.1875,0.14111328,0.4272461,1.5869141,-0.36621094,0.0,0.0,0.0,-53.129883,76.23413,42.5885
2026-02-19 23:07:44.229,1771513664229,1771513664229,-0.97216797,-0.18847656,0.14208984,0.30517578,0.36621094,-0.061035156,0.0,0.0,0.0,-53.24524,76.239624,42.390747
2026-02-19 23:07:44.329,1771513664329,1771513664329,-0.9736328,-0.18652344,0.13623047,0.24414062,0.061035156,-0.18310547,0.0,0.0,0.0,-53.22876,76.21765,42.37976
2026-02-19 23:07:44.429,1771513664429,1771513664429,-0.9736328,-0.1899414,0.14013672,-0.6713867,-1.5258789,0.30517578,0.0,0.0,0.0,-52.88269,76.16821,42.72583
2026-02-19 23:07:44.529,1771513664529,1771513664529,-0.9736328,-0.19140625,0.14208984,-0.24414062,-2.4414062,0.36621094,0.0,0.0,0.0,-52.283936,76.07483,43.31909
2026-02-19 23:07:44.628,1771513664628,1771513664628,-0.9716797,-0.19140625,0.14453125,0.0,-1.7700195,0.18310547,0.0,0.0,0.0,-51.75659,75.997925,43.901367
2026-02-19 23:07:44.728,1771513664728,1771513664728,-0.97021484,-0.1875,0.15185547,-0.24414062,-1.5258789,0.24414062,0.0,0.0,0.0,-51.23474,75.92651,44.560547
2026-02-19 23:07:44.828,1771513664828,1771513664828,-0.96972656,-0.18554688,0.15185547,-0.8544922,-2.2583008,0.48828125,0.0,0.0,0.0,-50.564575,75.82764,45.32959
2026-02-19 23:07:44.927,1771513664927,1771513664927,-0.9707031,-0.18554688,0.15722656,-0.61035156,-1.5869141,0.12207031,0.0,0.0,0.0,-50.05371,75.74524,45.91736
2026-02-19 23:07:45.027,1771513665027,1771513665027,-0.9711914,-0.18603516,0.15576172,-0.4272461,-0.8544922,0.061035156,0.0,0.0,0.0,-49.575806,75.651855,46.472168
2026-02-19 23:07:45.127,1771513665127,1771513665127,-0.9667969,-0.18554688,0.1640625,-0.30517578,-0.91552734,0.24414062,0.0,0.0,0.0,-49.284668,75.60242,46.80725
2026-02-19 23:07:45.227,1771513665227,1771513665227,-0.9711914,-0.18945312,0.15185547,-1.4648438,-1.5869141,0.6713867,0.0,0.0,0.0,-48.72986,75.51453,47.46643
2026-02-19 23:07:45.326,1771513665326,1771513665326,-0.9692383,-0.18798828,0.16455078,-1.0375977,-1.3427734,0.6713867,0.0,0.0,0.0,-48.565063,75.50354,47.69165
2026-02-19 23:07:45.426,1771513665426,1771513665426,-0.96875,-0.18603516,0.16552734,-0.5493164,-0.7324219,0.48828125,0.0,0.0,0.0,-48.10913,75.459595,48.284912
2026-02-19 23:07:45.526,1771513665526,1771513665526,-0.9711914,-0.18798828,0.15966797,-1.5258789,-1.953125,0.79345703,0.0,0.0,0.0,-47.680664,75.41565,48.81775
